"asin","fnsku","product_name","fulfillment_center","country_code","longest_side","median_side","shortest_side","measurement_units","weight","weight_units","item_volume","volume_units","product_size_tier","average_quantity_on_hand","average_quantity_pending_removal","estimated_total_item_volume","month_of_charge","storage_utilization_ratio","storage_utilization_ratio_units","base_rate","utilization_surcharge_rate","avg_qty_for_sus","est_vol_for_sus","est_base_msf","est_sus","currency","estimated_monthly_storage_fee","category","eligible_for_inventory_discount","qualifies_for_inventory_discount","total_incentive_fee_amount","breakdown_incentive_fee_amount","average_quantity_customer_orders"
"B0786KK4TG","X002326XGB","TUBOPLUS - TuboX3- Ball Pressurizer for Tennis and Padel - Blue Color","'CWL1'","GB","19.7","8.4","8.4","centimeters","0.3","kilograms","0.0491","cubic feet","Standard-Size","1.0","0.0","0.0491","2025-05",">52","weeks","0.76","0.0","1.0","0.0491","0.04","0.0","GBP","0.04","Others","N","N","0.0","--","0.0"
"B0BTDTVCG2","X001PQP7JP","TUBOPLUS TuboX3 Tennis- und Padelballdrucker | Weiß","'DEU1'","DE","20.2","8.3","8.1","centimeters","0.3","kilograms","0.0014","cubic meters","Standard-Size","0.68","0.0","9.0E-4","2025-05","9.1","weeks","27.54","0.0","0.68","9.0E-4","0.0239","0.0","EUR","0.0239","Others","N","N","0.0","--","0.0"
"B0BTDS4GYS","X001PQP7KJ","TUBOPLUS - Druckbehälter für Padel- und Tennisbälle | TUBOX4 Crystal (ohne Pumpe) | Kompressor für Bälle | unverzichtbares Zubehör","'DEU1'","DE","31.4","8.8","8.7","centimeters","0.43","kilograms","0.0024","cubic meters","Standard-Size","0.1","0.0","2.0E-4","2025-05","9.1","weeks","27.54","0.0","0.1","2.0E-4","0.0061","0.0","EUR","0.0061","Others","N","N","0.0","--","0.0"
"B0183RZ2VI","X000GERVU5","TUBOPLUS Behälter Steht unter Druck (BLAU) Tennis/Padel","'DUS2'","DE","20.0","9.0","9.0","centimeters","0.32","kilograms","0.0016","cubic meters","Standard-Size","0.84","0.0","0.0014","2025-05","9.1","weeks","27.54","0.0","0.84","0.0014","0.0384","0.0","EUR","0.0384","Others","N","N","0.0","--","0.0"
"B07ZTHSVCK","X0013ZBBK7","TUBOPLUS POLICARBONATO UG-965T-RORR Tubox4 Crystal + Pumpe mit Manometer Beto-Tennis-und Paddelbälle, Transparent, 4 Pelotas","'DUS2'","DE","30.8","8.6","8.2","centimeters","0.6","kilograms","0.0022","cubic meters","Standard-Size","0.84","0.0","0.0018","2025-05","9.1","weeks","27.54","0.0","0.84","0.0018","0.0515","0.0","EUR","0.0515","Others","N","N","0.0","--","0.0"
"B0BTDS4GYS","X001PQP7KJ","TUBOPLUS - Druckbehälter für Padel- und Tennisbälle | TUBOX4 Crystal (ohne Pumpe) | Kompressor für Bälle | unverzichtbares Zubehör","'DUS2'","DE","31.4","8.8","8.7","centimeters","0.43","kilograms","0.0024","cubic meters","Standard-Size","0.26","0.0","6.0E-4","2025-05","9.1","weeks","27.54","0.0","0.26","6.0E-4","0.0175","0.0","EUR","0.0175","Others","N","N","0.0","--","0.0"
"B0BTDS4GYS","X001PQP7KJ","TUBOPLUS - Druckbehälter für Padel- und Tennisbälle | TUBOX4 Crystal (ohne Pumpe) | Kompressor für Bälle | unverzichtbares Zubehör","'DUS2'","DE","31.4","8.8","8.7","centimeters","0.43","kilograms","0.0024","cubic meters","Standard-Size","0.77","0.0","0.0019","2025-05","9.1","weeks","27.54","0.0","0.77","0.0019","0.0526","0.0","EUR","0.0526","Others","N","N","0.0","--","0.0"
"B0183RZ2VI","X000GERVU5","TUBOPLUS Behälter Steht unter Druck (BLAU) Tennis/Padel","'DUS4'","DE","20.0","9.0","9.0","centimeters","0.32","kilograms","0.0016","cubic meters","Standard-Size","1.0","0.0","0.0016","2025-05","9.1","weeks","27.54","0.0","0.68","0.0011","0.0446","0.0","EUR","0.0446","Others","N","N","0.0","--","0.0"
"B0BTDTVCG2","X001PQP7JP","TUBOPLUS TuboX3 Tennis- und Padelballdrucker | Weiß","'DUS4'","DE","20.2","8.3","8.1","centimeters","0.3","kilograms","0.0014","cubic meters","Standard-Size","1.0","0.0","0.0014","2025-05","9.1","weeks","27.54","0.0","1.0","0.0014","0.0374","0.0","EUR","0.0374","Others","N","N","0.0","--","0.0"
"B0BTDS4GYS","X001PQP7KJ","TUBOPLUS - Druckbehälter für Padel- und Tennisbälle | TUBOX4 Crystal (ohne Pumpe) | Kompressor für Bälle | unverzichtbares Zubehör","'DUS4'","DE","31.4","8.8","8.7","centimeters","0.43","kilograms","0.0024","cubic meters","Standard-Size","3.0","0.0","0.0072","2025-05","9.1","weeks","27.54","0.0","1.65","0.004","0.1984","0.0","EUR","0.1984","Others","N","N","0.0","--","0.0"
"B07ZTHSVCK","X001T0EPOZ","TUBOPLUS POLICARBONATO UG-965T-RORR Tubox4 Crystal + Pumpe mit Manometer Beto-Tennis-und Paddelbälle, Transparent, 4 Pelotas","'DUS4'","DE","30.9","8.4","8.4","centimeters","0.81","kilograms","0.0022","cubic meters","Standard-Size","1.0","0.0","0.0022","2025-05","9.1","weeks","27.54","0.0","1.0","0.0022","0.06","0.0","EUR","0.06","Others","N","N","0.0","--","0.0"
"B0D1Z9TGWZ","X00209ZLGP","TUBOPLUS 29PSI X4e (keine Luftpumpe im Lieferumfang enthalten)","'DUS4'","DE","30.8","9.0","8.9","centimeters","0.3","kilograms","0.0025","cubic meters","Standard-Size","1.0","0.0","0.0025","2025-05","9.1","weeks","27.54","0.0","1.0","0.0025","0.0679","0.0","EUR","0.0679","Others","N","N","0.0","--","0.0"
"B0D22R7L7D","X0020AR9P5","TUBOPLUS 29 PSI X3e (ohne Luftpumpe)","'DUS4'","DE","25.2","8.8","8.7","centimeters","0.25","kilograms","0.0019","cubic meters","Standard-Size","1.0","0.1","0.0017","2025-05","9.1","weeks","27.54","0.0","0.9","0.0017","0.0479","0.0","EUR","0.0479","Others","N","N","0.0","--","0.0"
"B0786KK4TG","X002326XGB","TUBOPLUS ABS C1-O2UC-HPCJ TuboPlus-Tubox3-Tennis und Paddle Ball Druckregler-Blau, 3 Pelotas","'DUS4'","DE","19.7","8.4","8.4","centimeters","0.3","kilograms","0.0014","cubic meters","Standard-Size","2.19","0.0","0.003","2025-05","9.1","weeks","27.54","0.0","1.58","0.0022","0.0839","0.0","EUR","0.0839","Others","N","N","0.0","--","0.0"
"B0BTDS4GYS","X001PQP7KJ","TUBOPLUS - Druckbehälter für Padel- und Tennisbälle | TUBOX4 Crystal (ohne Pumpe) | Kompressor für Bälle | unverzichtbares Zubehör","'FRA3'","DE","31.4","8.8","8.7","centimeters","0.43","kilograms","0.0024","cubic meters","Standard-Size","0.84","0.0","0.002","2025-05","9.1","weeks","27.54","0.0","0.84","0.002","0.06","0.0","EUR","0.06","Others","N","N","0.0","--","0.0"
"B07ZTHSVCK","X0013ZBBK7","TUBOPLUS POLICARBONATO UG-965T-RORR Tubox4 Crystal + Pumpe mit Manometer Beto-Tennis-und Paddelbälle, Transparent, 4 Pelotas","'FRA7'","DE","30.8","8.6","8.2","centimeters","0.6","kilograms","0.0022","cubic meters","Standard-Size","2.84","0.0","0.0062","2025-05","9.1","weeks","27.54","0.0","2.84","0.0062","0.1681","0.0","EUR","0.1681","Others","N","N","0.0","--","0.0"
"B0BTDS4GYS","X001PQP7KJ","TUBOPLUS - Druckbehälter für Padel- und Tennisbälle | TUBOX4 Crystal (ohne Pumpe) | Kompressor für Bälle | unverzichtbares Zubehör","'FRA7'","DE","31.4","8.8","8.7","centimeters","0.43","kilograms","0.0024","cubic meters","Standard-Size","2.0","0.0","0.0048","2025-05","9.1","weeks","27.54","0.0","0.97","0.0023","0.1311","0.0","EUR","0.1311","Others","N","N","0.0","--","0.0"
"B07ZTHSVCK","X001T0EPOZ","TUBOPLUS POLICARBONATO UG-965T-RORR Tubox4 Crystal + Pumpe mit Manometer Beto-Tennis-und Paddelbälle, Transparent, 4 Pelotas","'FRA7'","DE","30.9","8.4","8.4","centimeters","0.81","kilograms","0.0022","cubic meters","Standard-Size","1.0","0.0","0.0022","2025-05","9.1","weeks","27.54","0.0","1.0","0.0022","0.0595","0.0","EUR","0.0595","Others","N","N","0.0","--","0.0"
"B0D22R7L7D","X0020AR9P5","TUBOPLUS 29 PSI X3e (ohne Luftpumpe)","'FRA7'","DE","25.2","8.8","8.7","centimeters","0.25","kilograms","0.0019","cubic meters","Standard-Size","1.0","0.23","0.0015","2025-05","9.1","weeks","27.54","0.0","0.77","0.0015","0.0407","0.0","EUR","0.0407","Others","N","N","0.0","--","0.0"
"B0786KK4TG","X002326XGB","TUBOPLUS ABS C1-O2UC-HPCJ TuboPlus-Tubox3-Tennis und Paddle Ball Druckregler-Blau, 3 Pelotas","'FRA7'","DE","19.7","8.4","8.4","centimeters","0.3","kilograms","0.0014","cubic meters","Standard-Size","0.81","0.0","0.0011","2025-05","9.1","weeks","27.54","0.0","0.81","0.0011","0.0306","0.0","EUR","0.0306","Others","N","N","0.0","--","0.0"
"B0183RZ2VI","X000GERVU5","TUBOPLUS Behälter Steht unter Druck (BLAU) Tennis/Padel","'HAM2'","DE","20.0","9.0","9.0","centimeters","0.32","kilograms","0.0016","cubic meters","Standard-Size","3.0","0.0","0.0049","2025-05","9.1","weeks","27.54","0.0","2.03","0.0033","0.1333","0.0","EUR","0.1333","Others","N","N","0.0","--","0.0"
"B07ZTHSVCK","X0013ZBBK7","TUBOPLUS POLICARBONATO UG-965T-RORR Tubox4 Crystal + Pumpe mit Manometer Beto-Tennis-und Paddelbälle, Transparent, 4 Pelotas","'HAM2'","DE","30.8","8.6","8.2","centimeters","0.6","kilograms","0.0022","cubic meters","Standard-Size","1.0","0.0","0.0022","2025-05","9.1","weeks","27.54","0.0","1.0","0.0022","0.0596","0.0","EUR","0.0596","Others","N","N","0.0","--","0.0"
"B0BTDTVCG2","X001PQP7JP","TUBOPLUS TuboX3 Tennis- und Padelballdrucker | Weiß","'HAM2'","DE","20.2","8.3","8.1","centimeters","0.3","kilograms","0.0014","cubic meters","Standard-Size","0.42","0.0","6.0E-4","2025-05","9.1","weeks","27.54","0.0","0.42","6.0E-4","0.0156","0.0","EUR","0.0156","Others","N","N","0.0","--","0.0"
"B0BTDS4GYS","X001PQP7KJ","TUBOPLUS - Druckbehälter für Padel- und Tennisbälle | TUBOX4 Crystal (ohne Pumpe) | Kompressor für Bälle | unverzichtbares Zubehör","'HAM2'","DE","31.4","8.8","8.7","centimeters","0.43","kilograms","0.0024","cubic meters","Standard-Size","2.0","0.0","0.0048","2025-05","9.1","weeks","27.54","0.0","0.97","0.0023","0.1319","0.0","EUR","0.1319","Others","N","N","0.0","--","0.0"
"B0BTDSDQC5","X001PQPPUB","TUBOPLUS Tubox3 (ohne Pumpe) – Druckverstärker für Paddel- und Tennisbälle | 3-Ball-Beutel | Paddelzubehör","'HAM2'","DE","24.0","8.4","8.3","centimeters","0.37","kilograms","0.0017","cubic meters","Standard-Size","1.0","0.0","0.0017","2025-05","9.1","weeks","27.54","0.0","1.0","0.0017","0.0459","0.0","EUR","0.0459","Others","N","N","0.0","--","0.0"
"B0BTDTN52N","X001PQRHT3","TUBOPLUS TuboX3 Tennis- und Padel-Drucker, Farbe Rosa","'HAM2'","DE","20.0","8.5","8.4","centimeters","0.3","kilograms","0.0014","cubic meters","Standard-Size","1.0","0.0","0.0014","2025-05","9.1","weeks","27.54","0.0","1.0","0.0014","0.0392","0.0","EUR","0.0392","Others","N","N","0.0","--","0.0"
"B0D87X42RN","X00231GYQL","TUBOPLUS TuboX3 Color Presurizer für Tennis- und Padelbälle | Farbe Gold","'HAM2'","DE","19.8","8.4","8.4","centimeters","0.3","kilograms","0.0014","cubic meters","Standard-Size","1.0","0.0","0.0014","2025-05","9.1","weeks","27.54","0.0","0.68","9.0E-4","0.0383","0.0","EUR","0.0383","Others","N","N","0.0","--","0.0"
"B0786KK4TG","X002326XGB","TUBOPLUS ABS C1-O2UC-HPCJ TuboPlus-Tubox3-Tennis und Paddle Ball Druckregler-Blau, 3 Pelotas","'HAM2'","DE","19.7","8.4","8.4","centimeters","0.3","kilograms","0.0014","cubic meters","Standard-Size","2.0","0.0","0.0028","2025-05","9.1","weeks","27.54","0.0","1.32","0.0018","0.0763","0.0","EUR","0.0763","Others","N","N","0.0","--","0.0"
"B0183RZ2VI","X000GERVU5","TUBOPLUS Behälter Steht unter Druck (BLAU) Tennis/Padel","'LCJ4'","DE","20.0","9.0","9.0","centimeters","0.32","kilograms","0.0016","cubic meters","Standard-Size","0.16","0.0","3.0E-4","2025-05","9.1","weeks","27.54","0.0","0.16","3.0E-4","0.0066","0.0","EUR","0.0066","Others","N","N","0.0","--","0.0"
"B0BTDS4GYS","X001PQP7KJ","TUBOPLUS - Druckbehälter für Padel- und Tennisbälle | TUBOX4 Crystal (ohne Pumpe) | Kompressor für Bälle | unverzichtbares Zubehör","'LCJ4'","DE","31.4","8.8","8.7","centimeters","0.43","kilograms","0.0024","cubic meters","Standard-Size","0.26","0.0","6.0E-4","2025-05","9.1","weeks","27.54","0.0","0.26","6.0E-4","0.0157","0.0","EUR","0.0157","Others","N","N","0.0","--","0.0"
"B0BTDS4GYS","X001PQP7KJ","TUBOPLUS - Druckbehälter für Padel- und Tennisbälle | TUBOX4 Crystal (ohne Pumpe) | Kompressor für Bälle | unverzichtbares Zubehör","'LCJ4'","DE","31.4","8.8","8.7","centimeters","0.43","kilograms","0.0024","cubic meters","Standard-Size","0.16","0.0","4.0E-4","2025-05","9.1","weeks","27.54","0.0","0.16","4.0E-4","0.0098","0.0","EUR","0.0098","Others","N","N","0.0","--","0.0"
"B0BTDS4GYS","X001PQP7KJ","TUBOPLUS - Druckbehälter für Padel- und Tennisbälle | TUBOX4 Crystal (ohne Pumpe) | Kompressor für Bälle | unverzichtbares Zubehör","'LCJ4'","DE","31.4","8.8","8.7","centimeters","0.43","kilograms","0.0024","cubic meters","Standard-Size","0.13","0.0","3.0E-4","2025-05","9.1","weeks","27.54","0.0","0.13","3.0E-4","0.0079","0.0","EUR","0.0079","Others","N","N","0.0","--","0.0"
"B0BTDS4GYS","X001PQP7KJ","TUBOPLUS - Druckbehälter für Padel- und Tennisbälle | TUBOX4 Crystal (ohne Pumpe) | Kompressor für Bälle | unverzichtbares Zubehör","'LEJ5'","DE","31.4","8.8","8.7","centimeters","0.43","kilograms","0.0024","cubic meters","Standard-Size","6.06","0.0","0.0146","2025-05","9.1","weeks","27.54","0.0","2.68","0.0064","0.4","0.0","EUR","0.4","Others","N","N","0.0","--","0.0"
"B0BTDS4GYS","X001PQP7KJ","TUBOPLUS - Druckbehälter für Padel- und Tennisbälle | TUBOX4 Crystal (ohne Pumpe) | Kompressor für Bälle | unverzichtbares Zubehör","'MUC3'","DE","31.4","8.8","8.7","centimeters","0.43","kilograms","0.0024","cubic meters","Standard-Size","3.0","0.0","0.0072","2025-05","9.1","weeks","27.54","0.0","0.97","0.0023","0.2","0.0","EUR","0.2","Others","N","N","0.0","--","0.0"
"B0183RZ2VI","X000GERVU5","TUBOPLUS Behälter Steht unter Druck (BLAU) Tennis/Padel","'PRG2'","DE","20.0","9.0","9.0","centimeters","0.32","kilograms","0.0016","cubic meters","Standard-Size","1.0","0.0","0.0016","2025-05","9.1","weeks","27.54","0.0","0.68","0.0011","0.04","0.0","EUR","0.04","Others","N","N","0.0","--","0.0"
"B0BTDS4GYS","X001PQP7KJ","TUBOPLUS - Druckbehälter für Padel- und Tennisbälle | TUBOX4 Crystal (ohne Pumpe) | Kompressor für Bälle | unverzichtbares Zubehör","'STR1'","DE","31.4","8.8","8.7","centimeters","0.43","kilograms","0.0024","cubic meters","Standard-Size","0.74","0.0","0.0018","2025-05","9.1","weeks","27.54","0.0","0.74","0.0018","0.05","0.0","EUR","0.05","Others","N","N","0.0","--","0.0"
"B07ZTHSVCK","X0013ZBBK7","TUBOPLUS POLICARBONATO UG-965T-RORR Tubox4 Crystal + Pumpe mit Manometer Beto-Tennis-und Paddelbälle, Transparent, 4 Pelotas","'WRO1'","DE","30.8","8.6","8.2","centimeters","0.6","kilograms","0.0022","cubic meters","Standard-Size","0.58","0.0","0.0013","2025-05","9.1","weeks","27.54","0.0","0.58","0.0013","0.0334","0.0","EUR","0.0334","Others","N","N","0.0","--","0.0"
"B07ZTHSVCK","X0013ZBBK7","TUBOPLUS POLICARBONATO UG-965T-RORR Tubox4 Crystal + Pumpe mit Manometer Beto-Tennis-und Paddelbälle, Transparent, 4 Pelotas","'WRO1'","DE","30.8","8.6","8.2","centimeters","0.6","kilograms","0.0022","cubic meters","Standard-Size","0.19","0.0","4.0E-4","2025-05","9.1","weeks","27.54","0.0","0.0","0.0","0.0111","0.0","EUR","0.0111","Others","N","N","0.0","--","0.0"
"B0BTDS4GYS","X001PQP7KJ","TUBOPLUS - Druckbehälter für Padel- und Tennisbälle | TUBOX4 Crystal (ohne Pumpe) | Kompressor für Bälle | unverzichtbares Zubehör","'WRO1'","DE","31.4","8.8","8.7","centimeters","0.43","kilograms","0.0024","cubic meters","Standard-Size","0.35","0.0","9.0E-4","2025-05","9.1","weeks","27.54","0.0","0.35","9.0E-4","0.0226","0.0","EUR","0.0226","Others","N","N","0.0","--","0.0"
"B0D87X42RN","X00231GYQL","TUBOPLUS TuboX3 Color Presurizer für Tennis- und Padelbälle | Farbe Gold","'WRO1'","DE","19.8","8.4","8.4","centimeters","0.3","kilograms","0.0014","cubic meters","Standard-Size","0.16","0.0","2.0E-4","2025-05","9.1","weeks","27.54","0.0","0.0","0.0","0.006","0.0","EUR","0.006","Others","N","N","0.0","--","0.0"
"B0786KK4TG","X002326XGB","TUBOPLUS ABS C1-O2UC-HPCJ TuboPlus-Tubox3-Tennis und Paddle Ball Druckregler-Blau, 3 Pelotas","'WRO1'","DE","19.7","8.4","8.4","centimeters","0.3","kilograms","0.0014","cubic meters","Standard-Size","1.0","0.0","0.0014","2025-05","9.1","weeks","27.54","0.0","0.39","5.0E-4","0.0368","0.0","EUR","0.0368","Others","N","N","0.0","--","0.0"
"B07ZTHSVCK","X0013ZBBK7","TUBOPLUS POLICARBONATO UG-965T-RORR Tubox4 Crystal + Pumpe mit Manometer Beto-Tennis-und Paddelbälle, Transparent, 4 Pelotas","'WRO2'","DE","30.8","8.6","8.2","centimeters","0.6","kilograms","0.0022","cubic meters","Standard-Size","0.03","0.0","1.0E-4","2025-05","9.1","weeks","27.54","0.0","0.03","1.0E-4","0.0019","0.0","EUR","0.0019","Others","N","N","0.0","--","0.0"
"B07ZTHSVCK","X0013ZBBK7","TUBOPLUS POLICARBONATO UG-965T-RORR Tubox4 Crystal + Pumpe mit Manometer Beto-Tennis-und Paddelbälle, Transparent, 4 Pelotas","'WRO2'","DE","30.8","8.6","8.2","centimeters","0.6","kilograms","0.0022","cubic meters","Standard-Size","0.77","0.0","0.0017","2025-05","9.1","weeks","27.54","0.0","0.0","0.0","0.0461","0.0","EUR","0.0461","Others","N","N","0.0","--","0.0"
"B0BTDS4GYS","X001PQP7KJ","TUBOPLUS - Druckbehälter für Padel- und Tennisbälle | TUBOX4 Crystal (ohne Pumpe) | Kompressor für Bälle | unverzichtbares Zubehör","'WRO2'","DE","31.4","8.8","8.7","centimeters","0.43","kilograms","0.0024","cubic meters","Standard-Size","0.03","0.0","1.0E-4","2025-05","9.1","weeks","27.54","0.0","0.03","1.0E-4","0.0021","0.0","EUR","0.0021","Others","N","N","0.0","--","0.0"
"B0BTDS4GYS","X001PQP7KJ","TUBOPLUS - Druckbehälter für Padel- und Tennisbälle | TUBOX4 Crystal (ohne Pumpe) | Kompressor für Bälle | unverzichtbares Zubehör","'WRO2'","DE","31.4","8.8","8.7","centimeters","0.43","kilograms","0.0024","cubic meters","Standard-Size","1.94","0.0","0.0047","2025-05","9.1","weeks","27.54","0.0","0.0","0.0","0.1275","0.0","EUR","0.1275","Others","N","N","0.0","--","0.0"
"B0D22R7L7D","X0020AR9P5","TUBOPLUS 29 PSI X3e (ohne Luftpumpe)","'WRO2'","DE","25.2","8.8","8.7","centimeters","0.25","kilograms","0.0019","cubic meters","Standard-Size","1.94","0.0","0.0037","2025-05","9.1","weeks","27.54","0.0","0.06","1.0E-4","0.1024","0.0","EUR","0.1024","Others","N","N","0.0","--","0.0"
"B0D87X42RN","X00231GYQL","TUBOPLUS TuboX3 Color Presurizer für Tennis- und Padelbälle | Farbe Gold","'WRO2'","DE","19.8","8.4","8.4","centimeters","0.3","kilograms","0.0014","cubic meters","Standard-Size","0.39","0.0","5.0E-4","2025-05","9.1","weeks","27.54","0.0","0.0","0.0","0.0148","0.0","EUR","0.0148","Others","N","N","0.0","--","0.0"
"B0786KK4TG","X002326XGB","TUBOPLUS ABS C1-O2UC-HPCJ TuboPlus-Tubox3-Tennis und Paddle Ball Druckregler-Blau, 3 Pelotas","'WRO2'","DE","19.7","8.4","8.4","centimeters","0.3","kilograms","0.0014","cubic meters","Standard-Size","1.71","0.0","0.0024","2025-05","9.1","weeks","27.54","0.0","0.0","0.0","0.0651","0.0","EUR","0.0651","Others","N","N","0.0","--","0.0"
"B0BTDTVCG2","X001PQP7JP","Tubo Plus X3 - Pressurisateur de Balles de Padel et de Tennis | Boîte Hermétique pour Maintenir la Pression et Récupérer Le Rebond | Capacité: 3 Balles | Pompe Non Incluse - Blanc","'ORY1'","FR","20.2","8.3","8.1","centimeters","0.3","kilograms","0.0014","cubic meters","Standard-Size","1.0","0.0","0.0014","2025-05","9.1","weeks","27.54","0.0","1.0","0.0014","0.04","0.0","EUR","0.04","Others","N","N","0.0","--","0.0"
"B0183RZ2VI","X000GERVU5","TUBOPLUS- TUBOX3 ORANGE 2020 Pallina da tennis e paddle Bottle Pressurizer Bottle - Salva le palle per un tubo !! - Più vita per le tue palle - Made in Zaragoza -Spain -","'MXP5'","IT","20.0","9.0","9.0","centimeters","0.32","kilograms","0.0016","cubic meters","Standard-Size","1.39","0.39","0.0016","2025-05","9.1","weeks","27.54","0.0","1.0","0.0016","0.0445","0.0","EUR","0.0445","Others","N","N","0.0","--","0.0"
"B0183RZ2VI","X000GERVU5","TUBOPLUS- TUBOX3 ORANGE 2020 Pallina da tennis e paddle Bottle Pressurizer Bottle - Salva le palle per un tubo !! - Più vita per le tue palle - Made in Zaragoza -Spain -","'MXP5'","IT","20.0","9.0","9.0","centimeters","0.32","kilograms","0.0016","cubic meters","Standard-Size","5.0","0.0","0.0081","2025-05","9.1","weeks","27.54","0.0","3.39","0.0055","0.2223","0.0","EUR","0.2223","Others","N","N","0.0","--","0.0"
"B07ZTHSVCK","X0013ZBBK7","PRESSURIZZATORE TUBOX4 Crystal con Pompa con MANOMETRO BETO per Tutte Le Barche con 3 O 4 Palline da Tennis E Padel.","'MXP5'","IT","30.8","8.6","8.2","centimeters","0.6","kilograms","0.0022","cubic meters","Standard-Size","1.58","1.55","1.0E-4","2025-05","9.1","weeks","27.54","0.0","0.03","1.0E-4","0.0019","0.0","EUR","0.0019","Others","N","N","0.0","--","0.0"
"B07ZTHSVCK","X0013ZBBK7","PRESSURIZZATORE TUBOX4 Crystal con Pompa con MANOMETRO BETO per Tutte Le Barche con 3 O 4 Palline da Tennis E Padel.","'MXP5'","IT","30.8","8.6","8.2","centimeters","0.6","kilograms","0.0022","cubic meters","Standard-Size","2.0","0.0","0.0043","2025-05","9.1","weeks","27.54","0.0","2.0","0.0043","0.1192","0.0","EUR","0.1192","Others","N","N","0.0","--","0.0"
"B09266N893","X001D1A0DZ","TUBOPLUS TuboX3 - Pompa Crystal con Manometro Beto, Pressurizzatore per Palline Da Tennis e Paddle","'MXP5'","IT","22.8","8.4","8.3","centimeters","0.53","kilograms","0.0016","cubic meters","Standard-Size","1.0","0.0","0.0016","2025-05","9.1","weeks","27.54","0.0","1.0","0.0016","0.0436","0.0","EUR","0.0436","Others","N","N","0.0","--","0.0"
"B0BTDTN52N","X001PQRHT3","TUBOPLUS TuboX3 Color Pressurizzatore per palline da tennis e paddle | colore rosa","'MXP5'","IT","20.0","8.5","8.4","centimeters","0.3","kilograms","0.0014","cubic meters","Standard-Size","1.0","0.0","0.0014","2025-05","9.1","weeks","27.54","0.0","1.0","0.0014","0.0392","0.0","EUR","0.0392","Others","N","N","0.0","--","0.0"
"B07ZTHSVCK","X001T0EPOZ","PRESSURIZZATORE TUBOX4 Crystal con Pompa con MANOMETRO BETO per Tutte Le Barche con 3 O 4 Palline da Tennis E Padel.","'MXP5'","IT","30.9","8.4","8.4","centimeters","0.81","kilograms","0.0022","cubic meters","Standard-Size","1.0","0.0","0.0022","2025-05","9.1","weeks","27.54","0.0","0.61","0.0013","0.0598","0.0","EUR","0.0598","Others","N","N","0.0","--","0.0"
"B09266N893","X001WPKTQF","TUBOPLUS TuboX3 - Pompa Crystal con Manometro Beto, Pressurizzatore per Palline Da Tennis e Paddle","'MXP5'","IT","22.8","8.4","8.3","centimeters","0.53","kilograms","0.0016","cubic meters","Standard-Size","1.0","0.0","0.0016","2025-05","9.1","weeks","27.54","0.0","1.0","0.0016","0.0436","0.0","EUR","0.0436","Others","N","N","0.0","--","0.0"
"B0D22R7L7D","X0020AR9P5","TUBOPLUS 29 PSI X3e (non include la pompa dell'aria)","'MXP5'","IT","25.2","8.8","8.7","centimeters","0.25","kilograms","0.0019","cubic meters","Standard-Size","1.0","0.0","0.0019","2025-05","9.1","weeks","27.54","0.0","0.97","0.0019","0.053","0.0","EUR","0.053","Others","N","N","0.0","--","0.0"
"B0D87X42RN","X00231GYQL","Tubo Plus X3 - Pressurizzatore per palline da paddle e tennis | Scatola ermetica per mantenere la pressione e recuperare il rimbalzo | Capacità: 3 palle | Pompa non Inclusa - Oro","'MXP5'","IT","19.8","8.4","8.4","centimeters","0.3","kilograms","0.0014","cubic meters","Standard-Size","1.0","0.0","0.0014","2025-05","9.1","weeks","27.54","0.0","0.68","9.0E-4","0.0384","0.0","EUR","0.0384","Others","N","N","0.0","--","0.0"
"B0786KK4TG","X002326XGB","TUBOPLUS TuboX3 - Pressurizzatore a Sfera per Tennis e Paddle, Blu","'MXP5'","IT","19.7","8.4","8.4","centimeters","0.3","kilograms","0.0014","cubic meters","Standard-Size","3.0","0.0","0.0042","2025-05","9.1","weeks","27.54","0.0","1.9","0.0026","0.1145","0.0","EUR","0.1145","Others","N","N","0.0","--","0.0"
"B0183RZ2VI","X000GERVU5","Tubo Plus X3 - Presurizador de Pelotas de Pádel y Tenis | Bote Hermético para Mantener la Presión y Recuperar el Rebote | Capacidad para 3 Pelotas | No Incluye Inflador de Aire - Color Naranja","'BCN1'","ES","20.0","9.0","9.0","centimeters","0.32","kilograms","0.0016","cubic meters","Standard-Size","0.03","0.0","1.0E-4","2025-05","9.1","weeks","27.54","0.0","0.03","1.0E-4","0.0015","0.0","EUR","0.0015","Others","N","N","0.0","--","0.0"
"B0BTDTVCG2","X001PQP7JP","Tubo Plus X3 - Presurizador de Pelotas de Pádel y Tenis | Bote Hermético para Mantener la Presión y Recuperar el Rebote | Capacidad para 3 Pelotas | No Incluye Inflador de Aire - Color Blanco","'BCN1'","ES","20.2","8.3","8.1","centimeters","0.3","kilograms","0.0014","cubic meters","Standard-Size","1.03","0.0","0.0014","2025-05","9.1","weeks","27.54","0.0","1.03","0.0014","0.0396","0.0","EUR","0.0396","Others","N","N","0.0","--","0.0"
"B0BTDS4GYS","X001PQP7KJ","TUBOPLUS - Bote presurizador para Pelotas de pádel y Tenis | TUBOX4 Crystal (SIN Bomba) | Compresor para Pelotas | Accesorios indispensables","'BCN1'","ES","31.4","8.8","8.7","centimeters","0.43","kilograms","0.0024","cubic meters","Standard-Size","0.13","0.0","1.0E-4","2025-05","9.1","weeks","27.54","0.0","0.03","1.0E-4","0.0022","0.0","EUR","0.0022","Others","N","N","0.0","--","0.1"
"B0D87X42RN","X00231GYQL","TUBOPLUS X3 - Presurizador de Pelotas de Pádel y Tenis | Bote Hermético para Mantener la Presión y Recuperar el Rebote | Capacidad para 3 Pelotas | No Incluye Inflador de Aire - Color Dorado","'BCN1'","ES","19.8","8.4","8.4","centimeters","0.3","kilograms","0.0014","cubic meters","Standard-Size","0.77","0.0","9.0E-4","2025-05","9.1","weeks","27.54","0.0","0.13","2.0E-4","0.0255","0.0","EUR","0.0255","Others","N","N","0.0","--","0.13"
"B0786KK4TG","X002326XGB","Tubo Plus X3 - Presurizador de Pelotas de Pádel y Tenis | Bote Hermético para Mantener la Presión y Recuperar el Rebote | Capacidad para 3 Pelotas | No Incluye Inflador de Aire - Color Azul","'BCN1'","ES","19.7","8.4","8.4","centimeters","0.3","kilograms","0.0014","cubic meters","Standard-Size","0.06","0.0","0.0","2025-05","9.1","weeks","27.54","0.0","0.03","0.0","0.0013","0.0","EUR","0.0013","Others","N","N","0.0","--","0.03"
"B0F1F4FM85","X0029D0DRJ","TUBOPLUS 29PSI X3e - Presurizador de Pelotas de Pádel y Tenis | Capacidad para 3 Pelotas | Bote Hermético | Requiere Bomba de Aire (No Incluida)","'BCN1'","ES","25.5","8.9","8.9","centimeters","0.38","kilograms","0.002","cubic meters","Standard-Size","1.58","0.0","0.0","2025-05","9.1","weeks","27.54","0.0","0.0","0.0","0.0","0.0","EUR","0.0","Others","N","N","0.08613182973056295","FBA_NEW_SELECTION:0.0861","0.03"
"B0F1F2PQPK","X0029D24LR","TUBOPLUS 29PSI X3e con Bomba - Presurizador de Pelotas de Pádel y Tenis | Capacidad para 3 Pelotas | Bote Hermético | Incluye Inflador con Manómetro","'BCN1'","ES","23.7","8.8","8.8","centimeters","0.37","kilograms","0.0018","cubic meters","Standard-Size","19.52","0.0","0.0","2025-05","9.1","weeks","27.54","0.0","0.0","0.0","0.0","0.0","EUR","0.0","Others","N","N","0.9799195098181451","FBA_NEW_SELECTION:0.9799","0.13"
"B0F1F1D2PR","X0029D5M9D","TUBOPLUS 29PSI X4e - Presurizador de Pelotas de Pádel y Tenis | Capacidad para 4 Pelotas | Bote Hermético | Requiere Bomba de Aire (No Incluida)","'BCN1'","ES","30.8","8.9","8.7","centimeters","0.3","kilograms","0.0024","cubic meters","Standard-Size","16.0","0.0","0.0","2025-05","9.1","weeks","27.54","0.0","0.0","0.0","0.0","0.0","EUR","0.0","Others","N","N","1.048738995538249","FBA_NEW_SELECTION:1.0487","0.03"
"B0F1F2KX6J","X0029D6HAL","TUBOPLUS 29PSI X4e con Bomba - Presurizador de Pelotas de Pádel y Tenis | Capacidad para 4 Pelotas | Bote Hermético | Incluye Inflador con Manómetro","'BCN1'","ES","31.0","9.2","8.8","centimeters","0.44","kilograms","0.0025","cubic meters","Standard-Size","24.58","0.0","0.0","2025-05","9.1","weeks","27.54","0.0","0.0","0.0","0.0","0.0","EUR","0.0","Others","N","N","1.6989844607823028","FBA_NEW_SELECTION:1.699","0.0"
"B0183RZ2VI","X000GERVU5","Tubo Plus X3 - Presurizador de Pelotas de Pádel y Tenis | Bote Hermético para Mantener la Presión y Recuperar el Rebote | Capacidad para 3 Pelotas | No Incluye Inflador de Aire - Color Naranja","'BCN4'","ES","20.0","9.0","9.0","centimeters","0.32","kilograms","0.0016","cubic meters","Standard-Size","0.13","0.0","2.0E-4","2025-05","9.1","weeks","27.54","0.0","0.1","2.0E-4","0.0043","0.0","EUR","0.0043","Others","N","N","0.0","--","0.03"
"B0BTDTVCG2","X001PQP7JP","Tubo Plus X3 - Presurizador de Pelotas de Pádel y Tenis | Bote Hermético para Mantener la Presión y Recuperar el Rebote | Capacidad para 3 Pelotas | No Incluye Inflador de Aire - Color Blanco","'BCN4'","ES","20.2","8.3","8.1","centimeters","0.3","kilograms","0.0014","cubic meters","Standard-Size","0.29","0.0","3.0E-4","2025-05","9.1","weeks","27.54","0.0","0.23","3.0E-4","0.0085","0.0","EUR","0.0085","Others","N","N","0.0","--","0.06"
"B0BTDS4GYS","X001PQP7KJ","TUBOPLUS - Bote presurizador para Pelotas de pádel y Tenis | TUBOX4 Crystal (SIN Bomba) | Compresor para Pelotas | Accesorios indispensables","'BCN4'","ES","31.4","8.8","8.7","centimeters","0.43","kilograms","0.0024","cubic meters","Standard-Size","0.23","0.0","4.0E-4","2025-05","9.1","weeks","27.54","0.0","0.16","4.0E-4","0.0107","0.0","EUR","0.0107","Others","N","N","0.0","--","0.06"
"B0BTDTN52N","X001PQRHT3","TUBOPLUS X3 - Presurizador de Pelotas de Pádel y Tenis | Bote Hermético para Mantener la Presión y Recuperar el Rebote | Capacidad para 3 Pelotas | No Incluye Inflador de Aire - Color Rosa","'BCN4'","ES","20.0","8.5","8.4","centimeters","0.3","kilograms","0.0014","cubic meters","Standard-Size","0.03","0.0","0.0","2025-05","9.1","weeks","27.54","0.0","0.03","0.0","0.0013","0.0","EUR","0.0013","Others","N","N","0.0","--","0.0"
"B0786KK4TG","X002326XGB","Tubo Plus X3 - Presurizador de Pelotas de Pádel y Tenis | Bote Hermético para Mantener la Presión y Recuperar el Rebote | Capacidad para 3 Pelotas | No Incluye Inflador de Aire - Color Azul","'BCN4'","ES","19.7","8.4","8.4","centimeters","0.3","kilograms","0.0014","cubic meters","Standard-Size","0.03","0.0","0.0","2025-05","9.1","weeks","27.54","0.0","0.03","0.0","0.0012","0.0","EUR","0.0012","Others","N","N","0.0","--","0.0"
"B0F1F4FM85","X0029D0DRJ","TUBOPLUS 29PSI X3e - Presurizador de Pelotas de Pádel y Tenis | Capacidad para 3 Pelotas | Bote Hermético | Requiere Bomba de Aire (No Incluida)","'BCN4'","ES","25.5","8.9","8.9","centimeters","0.38","kilograms","0.002","cubic meters","Standard-Size","0.68","0.0","0.0","2025-05","9.1","weeks","27.54","0.0","0.0","0.0","0.0","0.0","EUR","0.0","Others","N","N","0.03768267550712128","FBA_NEW_SELECTION:0.0377","0.0"
"B0F1F2PQPK","X0029D24LR","TUBOPLUS 29PSI X3e con Bomba - Presurizador de Pelotas de Pádel y Tenis | Capacidad para 3 Pelotas | Bote Hermético | Incluye Inflador con Manómetro","'BCN4'","ES","23.7","8.8","8.8","centimeters","0.37","kilograms","0.0018","cubic meters","Standard-Size","5.48","0.0","0.0","2025-05","9.1","weeks","27.54","0.0","0.0","0.0","0.0","0.0","EUR","0.0","Others","N","N","0.27229044615579073","FBA_NEW_SELECTION:0.2723","0.1"
"B0F1F1D2PR","X0029D5M9D","TUBOPLUS 29PSI X4e - Presurizador de Pelotas de Pádel y Tenis | Capacidad para 4 Pelotas | Bote Hermético | Requiere Bomba de Aire (No Incluida)","'BCN4'","ES","30.8","8.9","8.7","centimeters","0.3","kilograms","0.0024","cubic meters","Standard-Size","20.68","0.0","0.0096","2025-05","9.1","weeks","27.54","0.0","4.03","0.0096","0.2652","0.0","EUR","0.2652","Others","N","N","1.0932309529247202","FBA_NEW_SELECTION:1.0932","0.0"
"B0F1F2KX6J","X0029D6HAL","TUBOPLUS 29PSI X4e con Bomba - Presurizador de Pelotas de Pádel y Tenis | Capacidad para 4 Pelotas | Bote Hermético | Incluye Inflador con Manómetro","'BCN4'","ES","31.0","9.2","8.8","centimeters","0.44","kilograms","0.0025","cubic meters","Standard-Size","16.19","0.0","0.0398","2025-05","9.1","weeks","27.54","0.0","15.87","0.0398","1.0988","0.0","EUR","1.0988","Others","N","N","0.02229638399976775","FBA_NEW_SELECTION:0.0223","0.0"
"B07ZTHSVCK","X0013ZBBK7","TUBOPLUS - TuboX4 Crystal + Bomba con Manómetro - Presurizador de Pelotas de Tenis y Padel","'MAD4'","ES","30.8","8.6","8.2","centimeters","0.6","kilograms","0.0022","cubic meters","Standard-Size","0.13","0.0","3.0E-4","2025-05","9.1","weeks","27.54","0.0","0.13","3.0E-4","0.0079","0.0","EUR","0.0079","Others","N","N","0.0","--","0.0"
"B0BTDS4GYS","X001PQP7KJ","TUBOPLUS - Bote presurizador para Pelotas de pádel y Tenis | TUBOX4 Crystal (SIN Bomba) | Compresor para Pelotas | Accesorios indispensables","'MAD4'","ES","31.4","8.8","8.7","centimeters","0.43","kilograms","0.0024","cubic meters","Standard-Size","0.23","0.0","5.0E-4","2025-05","9.1","weeks","27.54","0.0","0.06","2.0E-4","0.0154","0.0","EUR","0.0154","Others","N","N","0.0","--","0.0"
"B07ZTHSVCK","X001T0EPOZ","TUBOPLUS - TuboX4 Crystal + Bomba con Manómetro - Presurizador de Pelotas de Tenis y Padel","'MAD4'","ES","30.9","8.4","8.4","centimeters","0.81","kilograms","0.0022","cubic meters","Standard-Size","0.03","0.0","1.0E-4","2025-05","9.1","weeks","27.54","0.0","0.03","1.0E-4","0.002","0.0","EUR","0.002","Others","N","N","0.0","--","0.0"
"B09266N893","X001V7XQLJ","TuboPlus - TuboX3 Crystal + Bomba con Manometro BETO - Presurizador de Pelotas de Tenis y Padel","'MAD4'","ES","22.8","8.4","8.3","centimeters","0.53","kilograms","0.0016","cubic meters","Standard-Size","0.84","0.0","0.0013","2025-05","9.1","weeks","27.54","0.0","0.84","0.0013","0.0378","0.0","EUR","0.0378","Others","N","N","0.0","--","0.0"
"B0D87X42RN","X00231GYQL","TUBOPLUS X3 - Presurizador de Pelotas de Pádel y Tenis | Bote Hermético para Mantener la Presión y Recuperar el Rebote | Capacidad para 3 Pelotas | No Incluye Inflador de Aire - Color Dorado","'MAD4'","ES","19.8","8.4","8.4","centimeters","0.3","kilograms","0.0014","cubic meters","Standard-Size","0.13","0.0","2.0E-4","2025-05","9.1","weeks","27.54","0.0","0.13","2.0E-4","0.0051","0.0","EUR","0.0051","Others","N","N","0.0","--","0.0"
"B0786KK4TG","X002326XGB","Tubo Plus X3 - Presurizador de Pelotas de Pádel y Tenis | Bote Hermético para Mantener la Presión y Recuperar el Rebote | Capacidad para 3 Pelotas | No Incluye Inflador de Aire - Color Azul","'MAD4'","ES","19.7","8.4","8.4","centimeters","0.3","kilograms","0.0014","cubic meters","Standard-Size","0.81","0.0","0.0011","2025-05","9.1","weeks","27.54","0.0","0.81","0.0011","0.0318","0.0","EUR","0.0318","Others","N","N","0.0","--","0.0"
"B0183RZ2VI","X000GERVU5","Tubo Plus X3 - Presurizador de Pelotas de Pádel y Tenis | Bote Hermético para Mantener la Presión y Recuperar el Rebote | Capacidad para 3 Pelotas | No Incluye Inflador de Aire - Color Naranja","'MAD7'","ES","20.0","9.0","9.0","centimeters","0.32","kilograms","0.0016","cubic meters","Standard-Size","20.97","0.0","0.0339","2025-05","9.1","weeks","27.54","0.0","14.06","0.0228","0.9329","0.0","EUR","0.9329","Others","N","N","0.0","--","0.06"
"B07ZTHSVCK","X0013ZBBK7","TUBOPLUS - TuboX4 Crystal + Bomba con Manómetro - Presurizador de Pelotas de Tenis y Padel","'MAD7'","ES","30.8","8.6","8.2","centimeters","0.6","kilograms","0.0022","cubic meters","Standard-Size","52.84","0.0","0.114","2025-05","9.1","weeks","27.54","0.0","52.48","0.114","3.1406","0.0","EUR","3.1406","Others","N","N","0.0","--","0.35"
"B0BTDTVCG2","X001PQP7JP","Tubo Plus X3 - Presurizador de Pelotas de Pádel y Tenis | Bote Hermético para Mantener la Presión y Recuperar el Rebote | Capacidad para 3 Pelotas | No Incluye Inflador de Aire - Color Blanco","'MAD7'","ES","20.2","8.3","8.1","centimeters","0.3","kilograms","0.0014","cubic meters","Standard-Size","32.97","0.0","0.0447","2025-05","9.1","weeks","27.54","0.0","32.94","0.0447","1.2323","0.0","EUR","1.2323","Others","N","N","0.0","--","0.03"
"B0BTDS4GYS","X001PQP7KJ","TUBOPLUS - Bote presurizador para Pelotas de pádel y Tenis | TUBOX4 Crystal (SIN Bomba) | Compresor para Pelotas | Accesorios indispensables","'MAD7'","ES","31.4","8.8","8.7","centimeters","0.43","kilograms","0.0024","cubic meters","Standard-Size","13.45","0.0","0.0305","2025-05","9.1","weeks","27.54","0.0","0.87","0.0021","0.8396","0.0","EUR","0.8396","Others","N","N","0.0","--","0.77"
"B07ZTHSVCK","X001T0EPOZ","TUBOPLUS - TuboX4 Crystal + Bomba con Manómetro - Presurizador de Pelotas de Tenis y Padel","'MAD7'","ES","30.9","8.4","8.4","centimeters","0.81","kilograms","0.0022","cubic meters","Standard-Size","0.35","0.0","8.0E-4","2025-05","9.1","weeks","27.54","0.0","0.35","8.0E-4","0.0213","0.0","EUR","0.0213","Others","N","N","0.0","--","0.0"
"B0D22R7L7D","X0020AR9P5","TUBOPLUS 29PSI X3e (No Incluye Bomba de Aire)","'MAD7'","ES","25.2","8.8","8.7","centimeters","0.25","kilograms","0.0019","cubic meters","Standard-Size","1.06","0.0","0.0021","2025-05","9.1","weeks","27.54","0.0","1.06","0.0021","0.0566","0.0","EUR","0.0566","Others","N","N","0.0","--","0.0"
"B0D87X42RN","X00231GYQL","TUBOPLUS X3 - Presurizador de Pelotas de Pádel y Tenis | Bote Hermético para Mantener la Presión y Recuperar el Rebote | Capacidad para 3 Pelotas | No Incluye Inflador de Aire - Color Dorado","'MAD7'","ES","19.8","8.4","8.4","centimeters","0.3","kilograms","0.0014","cubic meters","Standard-Size","1.81","0.0","0.0025","2025-05","9.1","weeks","27.54","0.0","0.61","9.0E-4","0.0683","0.0","EUR","0.0683","Others","N","N","0.0","--","0.03"
"B0786KK4TG","X002326XGB","Tubo Plus X3 - Presurizador de Pelotas de Pádel y Tenis | Bote Hermético para Mantener la Presión y Recuperar el Rebote | Capacidad para 3 Pelotas | No Incluye Inflador de Aire - Color Azul","'MAD7'","ES","19.7","8.4","8.4","centimeters","0.3","kilograms","0.0014","cubic meters","Standard-Size","1.71","0.0","0.002","2025-05","9.1","weeks","27.54","0.0","0.23","3.0E-4","0.0556","0.0","EUR","0.0556","Others","N","N","0.0","--","0.26"
"B0F1F4FM85","X0029D0DRJ","TUBOPLUS 29PSI X3e - Presurizador de Pelotas de Pádel y Tenis | Capacidad para 3 Pelotas | Bote Hermético | Requiere Bomba de Aire (No Incluida)","'MAD7'","ES","25.5","8.9","8.9","centimeters","0.38","kilograms","0.002","cubic meters","Standard-Size","36.35","0.0","0.0734","2025-05","9.1","weeks","27.54","0.0","24.42","0.0493","2.023","0.0","EUR","2.023","Others","N","N","0.0","--","0.0"
"B0F1F2PQPK","X0029D24LR","TUBOPLUS 29PSI X3e con Bomba - Presurizador de Pelotas de Pádel y Tenis | Capacidad para 3 Pelotas | Bote Hermético | Incluye Inflador con Manómetro","'MAD7'","ES","23.7","8.8","8.8","centimeters","0.37","kilograms","0.0018","cubic meters","Standard-Size","56.9","0.0","0.1044","2025-05","9.1","weeks","27.54","0.0","38.23","0.0702","2.8756","0.0","EUR","2.8756","Others","N","N","0.0","--","0.03"
"B0F1F1D2PR","X0029D5M9D","TUBOPLUS 29PSI X4e - Presurizador de Pelotas de Pádel y Tenis | Capacidad para 4 Pelotas | Bote Hermético | Requiere Bomba de Aire (No Incluida)","'MAD7'","ES","30.8","8.9","8.7","centimeters","0.3","kilograms","0.0024","cubic meters","Standard-Size","44.0","0.0","0.1049","2025-05","9.1","weeks","27.54","0.0","27.55","0.0657","2.8909","0.0","EUR","2.8909","Others","N","N","0.0","--","0.0"
"B0F1F2KX6J","X0029D6HAL","TUBOPLUS 29PSI X4e con Bomba - Presurizador de Pelotas de Pádel y Tenis | Capacidad para 4 Pelotas | Bote Hermético | Incluye Inflador con Manómetro","'MAD7'","ES","31.0","9.2","8.8","centimeters","0.44","kilograms","0.0025","cubic meters","Standard-Size","45.52","0.0","0.1142","2025-05","9.1","weeks","27.54","0.0","28.32","0.0711","3.1433","0.0","EUR","3.1433","Others","N","N","0.0","--","0.03"
"B0183RZ2VI","X000GERVU5","Tubo Plus X3 - Presurizador de Pelotas de Pádel y Tenis | Bote Hermético para Mantener la Presión y Recuperar el Rebote | Capacidad para 3 Pelotas | No Incluye Inflador de Aire - Color Naranja","'OVD1'","ES","20.0","9.0","9.0","centimeters","0.32","kilograms","0.0016","cubic meters","Standard-Size","76.84","0.0","0.1245","2025-05","9.1","weeks","27.54","0.0","52.0","0.0842","3.4281","0.0","EUR","3.4281","Others","N","N","0.0","--","0.0"
"B07ZTHSVCK","X0013ZBBK7","TUBOPLUS - TuboX4 Crystal + Bomba con Manómetro - Presurizador de Pelotas de Tenis y Padel","'OVD1'","ES","30.8","8.6","8.2","centimeters","0.6","kilograms","0.0022","cubic meters","Standard-Size","86.81","0.0","0.1882","2025-05","9.1","weeks","27.54","0.0","64.68","0.1405","5.1829","0.0","EUR","5.1829","Others","N","N","0.0","--","0.16"
"B0BTDTVCG2","X001PQP7JP","Tubo Plus X3 - Presurizador de Pelotas de Pádel y Tenis | Bote Hermético para Mantener la Presión y Recuperar el Rebote | Capacidad para 3 Pelotas | No Incluye Inflador de Aire - Color Blanco","'OVD1'","ES","20.2","8.3","8.1","centimeters","0.3","kilograms","0.0014","cubic meters","Standard-Size","164.0","0.0","0.2223","2025-05","9.1","weeks","27.54","0.0","142.55","0.1936","6.1258","0.0","EUR","6.1258","Others","N","N","0.0","--","0.32"
"B0BTDS4GYS","X001PQP7KJ","TUBOPLUS - Bote presurizador para Pelotas de pádel y Tenis | TUBOX4 Crystal (SIN Bomba) | Compresor para Pelotas | Accesorios indispensables","'OVD1'","ES","31.4","8.8","8.7","centimeters","0.43","kilograms","0.0024","cubic meters","Standard-Size","89.48","0.0","0.213","2025-05","9.1","weeks","27.54","0.0","22.58","0.0543","5.8667","0.0","EUR","5.8667","Others","N","N","0.0","--","0.87"
"B0BTDTN52N","X001PQRHT3","TUBOPLUS X3 - Presurizador de Pelotas de Pádel y Tenis | Bote Hermético para Mantener la Presión y Recuperar el Rebote | Capacidad para 3 Pelotas | No Incluye Inflador de Aire - Color Rosa","'OVD1'","ES","20.0","8.5","8.4","centimeters","0.3","kilograms","0.0014","cubic meters","Standard-Size","29.68","0.0","0.0423","2025-05","9.1","weeks","27.54","0.0","29.61","0.0423","1.1646","0.0","EUR","1.1646","Others","N","N","0.0","--","0.06"
"B0D87X42RN","X00231GYQL","TUBOPLUS X3 - Presurizador de Pelotas de Pádel y Tenis | Bote Hermético para Mantener la Presión y Recuperar el Rebote | Capacidad para 3 Pelotas | No Incluye Inflador de Aire - Color Dorado","'OVD1'","ES","19.8","8.4","8.4","centimeters","0.3","kilograms","0.0014","cubic meters","Standard-Size","25.81","0.0","0.0358","2025-05","9.1","weeks","27.54","0.0","16.13","0.0225","0.9855","0.0","EUR","0.9855","Others","N","N","0.0","--","0.19"
"B0786KK4TG","X002326XGB","Tubo Plus X3 - Presurizador de Pelotas de Pádel y Tenis | Bote Hermético para Mantener la Presión y Recuperar el Rebote | Capacidad para 3 Pelotas | No Incluye Inflador de Aire - Color Azul","'OVD1'","ES","19.7","8.4","8.4","centimeters","0.3","kilograms","0.0014","cubic meters","Standard-Size","36.45","0.0","0.0494","2025-05","9.1","weeks","27.54","0.0","12.9","0.0179","1.3596","0.0","EUR","1.3596","Others","N","N","0.0","--","0.94"
"B0F1F4FM85","X0029D0DRJ","TUBOPLUS 29PSI X3e - Presurizador de Pelotas de Pádel y Tenis | Capacidad para 3 Pelotas | Bote Hermético | Requiere Bomba de Aire (No Incluida)","'OVD1'","ES","25.5","8.9","8.9","centimeters","0.38","kilograms","0.002","cubic meters","Standard-Size","33.13","0.0","0.0669","2025-05","9.1","weeks","27.54","0.0","22.35","0.0452","1.8429","0.0","EUR","1.8429","Others","N","N","0.0","--","0.0"
"B0F1F2PQPK","X0029D24LR","TUBOPLUS 29PSI X3e con Bomba - Presurizador de Pelotas de Pádel y Tenis | Capacidad para 3 Pelotas | Bote Hermético | Incluye Inflador con Manómetro","'OVD1'","ES","23.7","8.8","8.8","centimeters","0.37","kilograms","0.0018","cubic meters","Standard-Size","22.9","0.0","0.0419","2025-05","9.1","weeks","27.54","0.0","12.58","0.0231","1.1544","0.0","EUR","1.1544","Others","N","N","0.0","--","0.06"
"B0F1F1D2PR","X0029D5M9D","TUBOPLUS 29PSI X4e - Presurizador de Pelotas de Pádel y Tenis | Capacidad para 4 Pelotas | Bote Hermético | Requiere Bomba de Aire (No Incluida)","'OVD1'","ES","30.8","8.9","8.7","centimeters","0.3","kilograms","0.0024","cubic meters","Standard-Size","40.0","0.0","0.0954","2025-05","9.1","weeks","27.54","0.0","20.65","0.0492","2.6271","0.0","EUR","2.6271","Others","N","N","0.0","--","0.0"
"B0F1F2KX6J","X0029D6HAL","TUBOPLUS 29PSI X4e con Bomba - Presurizador de Pelotas de Pádel y Tenis | Capacidad para 4 Pelotas | Bote Hermético | Incluye Inflador con Manómetro","'OVD1'","ES","31.0","9.2","8.8","centimeters","0.44","kilograms","0.0025","cubic meters","Standard-Size","15.52","0.0","0.0389","2025-05","9.1","weeks","27.54","0.0","8.29","0.0208","1.0725","0.0","EUR","1.0725","Others","N","N","0.0","--","0.0"
"B0183RZ2VI","X000GERVU5","Tubo Plus X3 - Presurizador de Pelotas de Pádel y Tenis | Bote Hermético para Mantener la Presión y Recuperar el Rebote | Capacidad para 3 Pelotas | No Incluye Inflador de Aire - Color Naranja","'RMU1'","ES","20.0","9.0","9.0","centimeters","0.32","kilograms","0.0016","cubic meters","Standard-Size","36.06","0.0","0.0583","2025-05","9.1","weeks","27.54","0.0","12.71","0.0206","1.6061","0.0","EUR","1.6061","Others","N","N","0.0","--","0.06"
"B07ZTHSVCK","X0013ZBBK7","TUBOPLUS - TuboX4 Crystal + Bomba con Manómetro - Presurizador de Pelotas de Tenis y Padel","'RMU1'","ES","30.8","8.6","8.2","centimeters","0.6","kilograms","0.0022","cubic meters","Standard-Size","87.87","0.0","0.1902","2025-05","9.1","weeks","27.54","0.0","24.84","0.054","5.2353","0.0","EUR","5.2353","Others","N","N","0.0","--","0.32"
"B0BTDTVCG2","X001PQP7JP","Tubo Plus X3 - Presurizador de Pelotas de Pádel y Tenis | Bote Hermético para Mantener la Presión y Recuperar el Rebote | Capacidad para 3 Pelotas | No Incluye Inflador de Aire - Color Blanco","'RMU1'","ES","20.2","8.3","8.1","centimeters","0.3","kilograms","0.0014","cubic meters","Standard-Size","64.32","0.0","0.0869","2025-05","9.1","weeks","27.54","0.0","40.35","0.0548","2.3936","0.0","EUR","2.3936","Others","N","N","0.0","--","0.32"
"B0BTDS4GYS","X001PQP7KJ","TUBOPLUS - Bote presurizador para Pelotas de pádel y Tenis | TUBOX4 Crystal (SIN Bomba) | Compresor para Pelotas | Accesorios indispensables","'RMU1'","ES","31.4","8.8","8.7","centimeters","0.43","kilograms","0.0024","cubic meters","Standard-Size","22.32","0.0","0.0473","2025-05","9.1","weeks","27.54","0.0","1.16","0.0028","1.3028","0.0","EUR","1.3028","Others","N","N","0.0","--","2.65"
"B0BTDTN52N","X001PQRHT3","TUBOPLUS X3 - Presurizador de Pelotas de Pádel y Tenis | Bote Hermético para Mantener la Presión y Recuperar el Rebote | Capacidad para 3 Pelotas | No Incluye Inflador de Aire - Color Rosa","'RMU1'","ES","20.0","8.5","8.4","centimeters","0.3","kilograms","0.0014","cubic meters","Standard-Size","8.9","0.0","0.0125","2025-05","9.1","weeks","27.54","0.0","8.74","0.0125","0.3438","0.0","EUR","0.3438","Others","N","N","0.0","--","0.16"
"B0D87X42RN","X00231GYQL","TUBOPLUS X3 - Presurizador de Pelotas de Pádel y Tenis | Bote Hermético para Mantener la Presión y Recuperar el Rebote | Capacidad para 3 Pelotas | No Incluye Inflador de Aire - Color Dorado","'RMU1'","ES","19.8","8.4","8.4","centimeters","0.3","kilograms","0.0014","cubic meters","Standard-Size","10.1","0.0","0.0141","2025-05","9.1","weeks","27.54","0.0","4.97","0.0069","0.3872","0.0","EUR","0.3872","Others","N","N","0.0","--","0.03"
"B0786KK4TG","X002326XGB","Tubo Plus X3 - Presurizador de Pelotas de Pádel y Tenis | Bote Hermético para Mantener la Presión y Recuperar el Rebote | Capacidad para 3 Pelotas | No Incluye Inflador de Aire - Color Azul","'RMU1'","ES","19.7","8.4","8.4","centimeters","0.3","kilograms","0.0014","cubic meters","Standard-Size","14.87","0.0","0.0197","2025-05","9.1","weeks","27.54","0.0","0.58","8.0E-4","0.5421","0.0","EUR","0.5421","Others","N","N","0.0","--","0.71"
"B0F1F4FM85","X0029D0DRJ","TUBOPLUS 29PSI X3e - Presurizador de Pelotas de Pádel y Tenis | Capacidad para 3 Pelotas | Bote Hermético | Requiere Bomba de Aire (No Incluida)","'RMU1'","ES","25.5","8.9","8.9","centimeters","0.38","kilograms","0.002","cubic meters","Standard-Size","42.0","0.0","0.0848","2025-05","9.1","weeks","27.54","0.0","24.84","0.0502","2.3363","0.0","EUR","2.3363","Others","N","N","0.0","--","0.0"
"B0F1F2PQPK","X0029D24LR","TUBOPLUS 29PSI X3e con Bomba - Presurizador de Pelotas de Pádel y Tenis | Capacidad para 3 Pelotas | Bote Hermético | Incluye Inflador con Manómetro","'RMU1'","ES","23.7","8.8","8.8","centimeters","0.37","kilograms","0.0018","cubic meters","Standard-Size","18.29","0.0","0.0333","2025-05","9.1","weeks","27.54","0.0","9.23","0.0169","0.9163","0.0","EUR","0.9163","Others","N","N","0.0","--","0.16"
"B0F1F1D2PR","X0029D5M9D","TUBOPLUS 29PSI X4e - Presurizador de Pelotas de Pádel y Tenis | Capacidad para 4 Pelotas | Bote Hermético | Requiere Bomba de Aire (No Incluida)","'RMU1'","ES","30.8","8.9","8.7","centimeters","0.3","kilograms","0.0024","cubic meters","Standard-Size","15.0","0.0","0.0357","2025-05","9.1","weeks","27.54","0.0","7.71","0.0184","0.9831","0.0","EUR","0.9831","Others","N","N","0.0","--","0.03"
"B0F1F2KX6J","X0029D6HAL","TUBOPLUS 29PSI X4e con Bomba - Presurizador de Pelotas de Pádel y Tenis | Capacidad para 4 Pelotas | Bote Hermético | Incluye Inflador con Manómetro","'RMU1'","ES","31.0","9.2","8.8","centimeters","0.44","kilograms","0.0025","cubic meters","Standard-Size","19.0","0.0","0.0477","2025-05","9.1","weeks","27.54","0.0","10.42","0.0262","1.3133","0.0","EUR","1.3133","Others","N","N","0.0","--","0.0"
"B0183RZ2VI","X000GERVU5","Tubo Plus X3 - Presurizador de Pelotas de Pádel y Tenis | Bote Hermético para Mantener la Presión y Recuperar el Rebote | Capacidad para 3 Pelotas | No Incluye Inflador de Aire - Color Naranja","'SVQ1'","ES","20.0","9.0","9.0","centimeters","0.32","kilograms","0.0016","cubic meters","Standard-Size","32.23","0.0","0.0521","2025-05","9.1","weeks","27.54","0.0","10.35","0.0168","1.4349","0.0","EUR","1.4349","Others","N","N","0.0","--","0.06"
"B07ZTHSVCK","X0013ZBBK7","TUBOPLUS - TuboX4 Crystal + Bomba con Manómetro - Presurizador de Pelotas de Tenis y Padel","'SVQ1'","ES","30.8","8.6","8.2","centimeters","0.6","kilograms","0.0022","cubic meters","Standard-Size","89.0","0.0","0.1931","2025-05","9.1","weeks","27.54","0.0","27.13","0.0589","5.3208","0.0","EUR","5.3208","Others","N","N","0.0","--","0.1"
"B0BTDTVCG2","X001PQP7JP","Tubo Plus X3 - Presurizador de Pelotas de Pádel y Tenis | Bote Hermético para Mantener la Presión y Recuperar el Rebote | Capacidad para 3 Pelotas | No Incluye Inflador de Aire - Color Blanco","'SVQ1'","ES","20.2","8.3","8.1","centimeters","0.3","kilograms","0.0014","cubic meters","Standard-Size","58.94","0.0","0.0799","2025-05","9.1","weeks","27.54","0.0","28.61","0.0389","2.2006","0.0","EUR","2.2006","Others","N","N","0.0","--","0.1"
"B0BTDS4GYS","X001PQP7KJ","TUBOPLUS - Bote presurizador para Pelotas de pádel y Tenis | TUBOX4 Crystal (SIN Bomba) | Compresor para Pelotas | Accesorios indispensables","'SVQ1'","ES","31.4","8.8","8.7","centimeters","0.43","kilograms","0.0024","cubic meters","Standard-Size","68.87","0.0","0.1625","2025-05","9.1","weeks","27.54","0.0","10.81","0.026","4.4742","0.0","EUR","4.4742","Others","N","N","0.0","--","1.29"
"B0CZMGFD3S","X001ZWRDZP","TUBOPLUS 29PSI X3e (Incluye Bomba de Aire)","'SVQ1'","ES","24.5","9.0","8.9","centimeters","0.39","kilograms","0.002","cubic meters","Standard-Size","2.0","0.0","0.0039","2025-05","9.1","weeks","27.54","0.0","0.13","3.0E-4","0.1081","0.0","EUR","0.1081","Others","N","N","0.0","--","0.0"
"B0D1Z9TGWZ","X00209ZLGP","TUBOPLUS 29PSI X4e (No Incluye Bomba de Aire)","'SVQ1'","ES","30.8","9.0","8.9","centimeters","0.3","kilograms","0.0025","cubic meters","Standard-Size","1.0","0.0","0.0025","2025-05","9.1","weeks","27.54","0.0","0.03","1.0E-4","0.0679","0.0","EUR","0.0679","Others","N","N","0.0","--","0.0"
"B0D22R7L7D","X0020AR9P5","TUBOPLUS 29PSI X3e (No Incluye Bomba de Aire)","'SVQ1'","ES","25.2","8.8","8.7","centimeters","0.25","kilograms","0.0019","cubic meters","Standard-Size","1.55","0.06","0.0029","2025-05","9.1","weeks","27.54","0.0","1.29","0.0025","0.0788","0.0","EUR","0.0788","Others","N","N","0.0","--","0.0"
"B0D265ZYB6","X0020C2PYD","TUBOPLUS 29PSI X4e (Incluye Bomba de Aire, 2)","'SVQ1'","ES","31.0","8.7","8.5","centimeters","0.46","kilograms","0.0023","cubic meters","Standard-Size","2.0","0.0","0.0046","2025-05","9.1","weeks","27.54","0.0","0.03","1.0E-4","0.1263","0.0","EUR","0.1263","Others","N","N","0.0","--","0.0"
"B0D87X42RN","X00231GYQL","TUBOPLUS X3 - Presurizador de Pelotas de Pádel y Tenis | Bote Hermético para Mantener la Presión y Recuperar el Rebote | Capacidad para 3 Pelotas | No Incluye Inflador de Aire - Color Dorado","'SVQ1'","ES","19.8","8.4","8.4","centimeters","0.3","kilograms","0.0014","cubic meters","Standard-Size","1.0","0.0","0.0014","2025-05","9.1","weeks","27.54","0.0","0.55","8.0E-4","0.0385","0.0","EUR","0.0385","Others","N","N","0.0","--","0.0"
"B0786KK4TG","X002326XGB","Tubo Plus X3 - Presurizador de Pelotas de Pádel y Tenis | Bote Hermético para Mantener la Presión y Recuperar el Rebote | Capacidad para 3 Pelotas | No Incluye Inflador de Aire - Color Azul","'SVQ1'","ES","19.7","8.4","8.4","centimeters","0.3","kilograms","0.0014","cubic meters","Standard-Size","41.26","0.0","0.0567","2025-05","9.1","weeks","27.54","0.0","7.9","0.011","1.5609","0.0","EUR","1.5609","Others","N","N","0.0","--","0.48"
"B0F1F4FM85","X0029D0DRJ","TUBOPLUS 29PSI X3e - Presurizador de Pelotas de Pádel y Tenis | Capacidad para 3 Pelotas | Bote Hermético | Requiere Bomba de Aire (No Incluida)","'SVQ1'","ES","25.5","8.9","8.9","centimeters","0.38","kilograms","0.002","cubic meters","Standard-Size","18.0","0.0","0.0364","2025-05","9.1","weeks","27.54","0.0","9.87","0.0199","1.0013","0.0","EUR","1.0013","Others","N","N","0.0","--","0.0"
"B0F1F2PQPK","X0029D24LR","TUBOPLUS 29PSI X3e con Bomba - Presurizador de Pelotas de Pádel y Tenis | Capacidad para 3 Pelotas | Bote Hermético | Incluye Inflador con Manómetro","'SVQ1'","ES","23.7","8.8","8.8","centimeters","0.37","kilograms","0.0018","cubic meters","Standard-Size","3.9","0.0","0.0071","2025-05","9.1","weeks","27.54","0.0","1.65","0.003","0.1957","0.0","EUR","0.1957","Others","N","N","0.0","--","0.03"
"B0F1F1D2PR","X0029D5M9D","TUBOPLUS 29PSI X4e - Presurizador de Pelotas de Pádel y Tenis | Capacidad para 4 Pelotas | Bote Hermético | Requiere Bomba de Aire (No Incluida)","'SVQ1'","ES","30.8","8.9","8.7","centimeters","0.3","kilograms","0.0024","cubic meters","Standard-Size","3.0","0.0","0.0072","2025-05","9.1","weeks","27.54","0.0","1.23","0.0029","0.197","0.0","EUR","0.197","Others","N","N","0.0","--","0.0"
"B0F1F2KX6J","X0029D6HAL","TUBOPLUS 29PSI X4e con Bomba - Presurizador de Pelotas de Pádel y Tenis | Capacidad para 4 Pelotas | Bote Hermético | Incluye Inflador con Manómetro","'SVQ1'","ES","31.0","9.2","8.8","centimeters","0.44","kilograms","0.0025","cubic meters","Standard-Size","17.0","0.0","0.0427","2025-05","9.1","weeks","27.54","0.0","9.32","0.0234","1.175","0.0","EUR","1.175","Others","N","N","0.0","--","0.0"
