approval_date,reimbursement_id,case_id,order_id,reason,sku,fnsku,asin,product_name,condition,currency_unit,amount_per_unit,amount_total,quantity_reimbursed_cash,quantity_reimbursed_inventory,quantity_reimbursed_total,original_reimbursement_id,original_reimbursement_type,approval_date_only,approval_month,approval_timezone,approval_hour,approval_weekday
2025-07-17 20:07:54+00:00,7177217442,No case ID,403-1481159-8922730,CustomerReturn,MD-R60M-OYR1,X002326XGB,B0786KK4TG,Tubo Plus X3 - Pressurisateur de Balles de Padel et de Tennis | Boîte Hermétique pour Maintenir la Pression et Récupérer Le Rebond | Capacité: 3 Balles | Pompe Non Incluse - Bleu,NewItem,EUR,11.15,11.15,1,0,1,No original ID,Unknown,2025-07-17,2025-07,UTC,20,Thursday
2025-07-11 07:02:13+00:00,7157121502,No case ID,406-5304369-9769900,CustomerReturn,MD-R60M-OYR1,X002326XGB,B0786KK4TG,Tubo Plus X3 - Presurizador de Pelotas de Pádel y Tenis | Bote Hermético para Mantener la Presión y Recuperar el Rebote | Capacidad para 3 Pelotas | No Incluye Inflador de Aire - Color Azul,NewItem,EUR,8.37,8.37,1,0,1,No original ID,Unknown,2025-07-11,2025-07,UTC,7,Friday
2025-07-09 17:40:03+00:00,7153083252,No case ID,No order ID,Lost_Warehouse,MD-R60M-OYR1,X002326XGB,B0786KK4TG,"TUBOPLUS ABS C1-O2UC-HPCJ TuboPlus-Tubox3-Tennis und Paddle Ball Druckregler-Blau, 3 Pelotas",NewItem,EUR,7.78,7.78,1,0,1,No original ID,Unknown,2025-07-09,2025-07,UTC,17,Wednesday
2025-07-06 10:36:22+00:00,7143079222,No case ID,402-5963325-2618705,CustomerReturn,TUBOX3-WHI,X001PQP7JP,B0BTDTVCG2,TUBOPLUS TuboX3 Color Pressurizzatore di palline da tennis e paddle | Colore bianco,NewItem,EUR,10.74,10.74,1,0,1,No original ID,Unknown,2025-07-06,2025-07,UTC,10,Sunday
2025-07-05 05:01:55+00:00,7139431162,No case ID,No order ID,Lost_Warehouse,TUBOX4-CRY-SB,X001PQP7KJ,B0BTDS4GYS,TUBOPLUS - Bote presurizador para Pelotas de pádel y Tenis | TUBOX4 Crystal (SIN Bomba) | Compresor para Pelotas | Accesorios indispensables,NewItem,EUR,8.62,8.62,1,0,1,No original ID,Unknown,2025-07-05,2025-07,UTC,5,Saturday
2025-06-28 12:29:56+00:00,7119625392,No case ID,No order ID,Reimbursement_Reversal,UG-965T-RORR,X0013ZBBK7,B07ZTHSVCK,PRESSURISEUR TUBOX4 Crystal avec Pompe MANOMETRE BETO pour Tous Les Bateaux avec 3 OU 4 Tennis ET BALLES DE Padel.,NewItem,EUR,-21.64,-21.64,-1,1,0,6922342482.0,CustomerReturn,2025-06-28,2025-06,UTC,12,Saturday
2025-06-27 03:59:32+00:00,7116133062,No case ID,404-9112045-9994751,CustomerReturn,TUBOX4-CRY-SB,X001PQP7KJ,B0BTDS4GYS,TUBOPLUS - Bote presurizador para Pelotas de pádel y Tenis | TUBOX4 Crystal (SIN Bomba) | Compresor para Pelotas | Accesorios indispensables,NewItem,EUR,11.34,11.34,1,0,1,No original ID,Unknown,2025-06-27,2025-06,UTC,3,Friday
2025-06-25 21:32:08+00:00,7112470892,No case ID,402-4534389-5023529,CustomerReturn,TUBOX4-CRY-SB,X001PQP7KJ,B0BTDS4GYS,TUBOPLUS - Bote presurizador para Pelotas de pádel y Tenis | TUBOX4 Crystal (SIN Bomba) | Compresor para Pelotas | Accesorios indispensables,NewItem,EUR,11.34,11.34,1,0,1,No original ID,Unknown,2025-06-25,2025-06,UTC,21,Wednesday
2025-06-24 21:19:30+00:00,7109045452,No case ID,303-4987982-0083556,CustomerReturn,TUBOX4-CRY-SB,X001PQP7KJ,B0BTDS4GYS,TUBOPLUS - Druckbehälter für Padel- und Tennisbälle | TUBOX4 Crystal (ohne Pumpe) | Kompressor für Bälle | unverzichtbares Zubehör,NewItem,EUR,17.53,17.53,1,0,1,No original ID,Unknown,2025-06-24,2025-06,UTC,21,Tuesday
2025-06-15 16:14:13+00:00,7081862452,No case ID,No order ID,Lost_Warehouse,TUBOX3-WHI,X001PQP7JP,B0BTDTVCG2,Tubo Plus X3 - Presurizador de Pelotas de Pádel y Tenis | Bote Hermético para Mantener la Presión y Recuperar el Rebote | Capacidad para 3 Pelotas | No Incluye Inflador de Aire - Color Blanco,NewItem,EUR,7.31,7.31,1,0,1,No original ID,Unknown,2025-06-15,2025-06,UTC,16,Sunday
2025-06-12 01:26:05+00:00,7072065522,No case ID,407-5384036-8085936,CustomerReturn,TUBOX3-WHI,X001PQP7JP,B0BTDTVCG2,Tubo Plus X3 - Pressurisateur de Balles de Padel et de Tennis | Boîte Hermétique pour Maintenir la Pression et Récupérer Le Rebond | Capacité: 3 Balles | Pompe Non Incluse - Blanc,NewItem,EUR,8.87,8.87,1,0,1,No original ID,Unknown,2025-06-12,2025-06,UTC,1,Thursday
2025-06-11 16:45:43+00:00,7071252632,No case ID,404-6358516-1725167,CustomerReturn,UG-965T-RORR,X0013ZBBK7,B07ZTHSVCK,PRESSURISEUR TUBOX4 Crystal avec Pompe MANOMETRE BETO pour Tous Les Bateaux avec 3 OU 4 Tennis ET BALLES DE Padel.,NewItem,EUR,21.64,21.64,1,0,1,No original ID,Unknown,2025-06-11,2025-06,UTC,16,Wednesday
2025-06-10 20:17:03+00:00,7068905672,No case ID,No order ID,Lost_Warehouse,TUBOX4-CRY-SB,X001PQP7KJ,B0BTDS4GYS,TUBOPLUS - Bote presurizador para Pelotas de pádel y Tenis | TUBOX4 Crystal (SIN Bomba) | Compresor para Pelotas | Accesorios indispensables,NewItem,EUR,8.62,8.62,1,0,1,No original ID,Unknown,2025-06-10,2025-06,UTC,20,Tuesday
2025-06-01 09:06:02+00:00,7042975912,No case ID,405-5790087-5333154,CustomerReturn,TUBOX4-CRY-SB,X001PQP7KJ,B0BTDS4GYS,TUBOPLUS - Bote presurizador para Pelotas de pádel y Tenis | TUBOX4 Crystal (SIN Bomba) | Compresor para Pelotas | Accesorios indispensables,NewItem,EUR,11.34,11.34,1,0,1,No original ID,Unknown,2025-06-01,2025-06,UTC,9,Sunday
2025-05-30 19:09:55+00:00,7039345732,No case ID,No order ID,Lost_Warehouse,TUBOX4-CRY-SB,X001PQP7KJ,B0BTDS4GYS,TUBOPLUS - Bote presurizador para Pelotas de pádel y Tenis | TUBOX4 Crystal (SIN Bomba) | Compresor para Pelotas | Accesorios indispensables,NewItem,EUR,8.62,8.62,1,0,1,No original ID,Unknown,2025-05-30,2025-05,UTC,19,Friday
2025-05-29 20:31:07+00:00,7037000972,No case ID,No order ID,Reimbursement_Reversal,UG-965T-RORR,X0013ZBBK7,B07ZTHSVCK,TUBOPLUS - TuboX4 Crystal + Bomba con Manómetro - Presurizador de Pelotas de Tenis y Padel,NewItem,EUR,-22.31,-22.31,-1,0,-1,6982704222.0,CustomerReturn,2025-05-29,2025-05,UTC,20,Thursday
2025-05-29 15:53:42+00:00,7036593532,No case ID,No order ID,Reimbursement_Reversal,4R-VSV0-WZ9Z,X00231GYQL,B0D87X42RN,TUBOPLUS X3 - Presurizador de Pelotas de Pádel y Tenis | Bote Hermético para Mantener la Presión y Recuperar el Rebote | Capacidad para 3 Pelotas | No Incluye Inflador de Aire - Color Dorado,NewItem,EUR,-8.37,-8.37,-1,0,-1,7014020342.0,CustomerReturn,2025-05-29,2025-05,UTC,15,Thursday
2025-05-29 14:07:17+00:00,7036423322,No case ID,408-5120359-9487560,CustomerReturn,UG-965T-RORR,X0013ZBBK7,B07ZTHSVCK,PRESSURIZZATORE TUBOX4 Crystal con Pompa con MANOMETRO BETO per Tutte Le Barche con 3 O 4 Palline da Tennis E Padel.,NewItem,EUR,20.85,20.85,1,0,1,No original ID,Unknown,2025-05-29,2025-05,UTC,14,Thursday
2025-05-29 12:06:13+00:00,7036179482,No case ID,403-6078467-3587558,CustomerReturn,TUBOX3-PINK,X001PQRHT3,B0BTDTN52N,TUBOPLUS TuboX3 Color Pressurizzatore per palline da tennis e paddle | colore rosa,NewItem,EUR,9.27,9.27,1,0,1,No original ID,Unknown,2025-05-29,2025-05,UTC,12,Thursday
2025-05-24 21:33:41+00:00,7022523162,No case ID,408-9555204-8906742,CustomerReturn,UG-965T-RORR,X0013ZBBK7,B07ZTHSVCK,PRESSURIZZATORE TUBOX4 Crystal con Pompa con MANOMETRO BETO per Tutte Le Barche con 3 O 4 Palline da Tennis E Padel.,NewItem,EUR,20.85,20.85,1,0,1,No original ID,Unknown,2025-05-24,2025-05,UTC,21,Saturday
2025-05-24 20:38:53+00:00,7022511212,No case ID,No order ID,Lost_Warehouse,TUBOX3-WHI,X001PQP7JP,B0BTDTVCG2,Tubo Plus X3 - Presurizador de Pelotas de Pádel y Tenis | Bote Hermético para Mantener la Presión y Recuperar el Rebote | Capacidad para 3 Pelotas | No Incluye Inflador de Aire - Color Blanco,NewItem,EUR,7.31,7.31,1,0,1,No original ID,Unknown,2025-05-24,2025-05,UTC,20,Saturday
2025-05-22 15:13:15+00:00,7016726342,No case ID,405-7073161-6669919,CustomerReturn,TUBOX4-CRY-SB,X001PQP7KJ,B0BTDS4GYS,TUBOPLUS - Bote presurizador para Pelotas de pádel y Tenis | TUBOX4 Crystal (SIN Bomba) | Compresor para Pelotas | Accesorios indispensables,NewItem,EUR,11.34,11.34,1,0,1,No original ID,Unknown,2025-05-22,2025-05,UTC,15,Thursday
2025-05-21 19:11:56+00:00,7014020342,No case ID,407-5303561-0097921,CustomerReturn,4R-VSV0-WZ9Z,X00231GYQL,B0D87X42RN,TUBOPLUS X3 - Presurizador de Pelotas de Pádel y Tenis | Bote Hermético para Mantener la Presión y Recuperar el Rebote | Capacidad para 3 Pelotas | No Incluye Inflador de Aire - Color Dorado,NewItem,EUR,8.37,8.37,1,0,1,No original ID,Unknown,2025-05-21,2025-05,UTC,19,Wednesday
2025-05-19 21:17:38+00:00,7008439462,No case ID,171-9053039-9793902,CustomerReturn,MD-R60M-OYR1,X002326XGB,B0786KK4TG,Tubo Plus X3 - Presurizador de Pelotas de Pádel y Tenis | Bote Hermético para Mantener la Presión y Recuperar el Rebote | Capacidad para 3 Pelotas | No Incluye Inflador de Aire - Color Azul,NewItem,EUR,8.37,8.37,1,0,1,No original ID,Unknown,2025-05-19,2025-05,UTC,21,Monday
2025-05-19 11:54:54+00:00,7007268812,No case ID,No order ID,Lost_Warehouse,TUBOX4-CRY-SB,X001PQP7KJ,B0BTDS4GYS,TUBOPLUS - Bote presurizador para Pelotas de pádel y Tenis | TUBOX4 Crystal (SIN Bomba) | Compresor para Pelotas | Accesorios indispensables,NewItem,EUR,8.62,8.62,1,0,1,No original ID,Unknown,2025-05-19,2025-05,UTC,11,Monday
2025-05-15 11:46:58+00:00,6996682972,11099879692.0,No order ID,Lost_Inbound,TUBOX3-WHI,X001PQP7JP,B0BTDTVCG2,Tubo Plus X3 - Presurizador de Pelotas de Pádel y Tenis | Bote Hermético para Mantener la Presión y Recuperar el Rebote | Capacidad para 3 Pelotas | No Incluye Inflador de Aire - Color Blanco,NewItem,EUR,7.31,7.31,1,0,1,No original ID,Unknown,2025-05-15,2025-05,UTC,11,Thursday
2025-05-14 10:41:32+00:00,6993635982,11099761852.0,No order ID,Lost_Inbound,TUBOX4-CRY-SB,X001PQP7KJ,B0BTDS4GYS,TUBOPLUS - Bote presurizador para Pelotas de pádel y Tenis | TUBOX4 Crystal (SIN Bomba) | Compresor para Pelotas | Accesorios indispensables,NewItem,EUR,8.62,8.62,1,0,1,No original ID,Unknown,2025-05-14,2025-05,UTC,10,Wednesday
2025-05-10 12:32:41+00:00,6982704222,No case ID,404-6209694-5709915,CustomerReturn,UG-965T-RORR,X0013ZBBK7,B07ZTHSVCK,TUBOPLUS - TuboX4 Crystal + Bomba con Manómetro - Presurizador de Pelotas de Tenis y Padel,NewItem,EUR,22.31,22.31,1,0,1,No original ID,Unknown,2025-05-10,2025-05,UTC,12,Saturday
2025-05-04 11:48:33+00:00,6966091392,No case ID,406-6411605-0597164,CustomerReturn,MD-R60M-OYR1,X002326XGB,B0786KK4TG,"TUBOPLUS C1-O2UC-HPCJ Pressuriseur de Balles pour Tennis et Padel Adulte Unisexe, Bleu, 4 Boules",NewItem,EUR,8.87,8.87,1,0,1,No original ID,Unknown,2025-05-04,2025-05,UTC,11,Sunday
2025-05-03 09:00:51+00:00,6963382142,No case ID,No order ID,Reimbursement_Reversal,MK-78DJ-J0C2,X0020AR9P5,B0D22R7L7D,TUBOPLUS 29PSI X3e (No Incluye Bomba de Aire),NewItem,EUR,-21.21,-21.21,-1,1,0,6746956742.0,CustomerReturn,2025-05-03,2025-05,UTC,9,Saturday
2025-05-03 06:08:36+00:00,6963089082,No case ID,404-2334522-8968322,CustomerReturn,TUBOX4-CRY-SB,X001PQP7KJ,B0BTDS4GYS,TUBOPLUS - Bote presurizador para Pelotas de pádel y Tenis | TUBOX4 Crystal (SIN Bomba) | Compresor para Pelotas | Accesorios indispensables,NewItem,EUR,11.83,11.83,1,0,1,No original ID,Unknown,2025-05-03,2025-05,UTC,6,Saturday
2025-05-01 08:31:12+00:00,6958248992,No case ID,No order ID,Reimbursement_Reversal,LA-PMUR-5AB5,X0020C2PYD,B0D265ZYB6,"TUBOPLUS 29PSI X4e (Incluye Bomba de Aire, 2)",NewItem,EUR,-31.29,-31.29,-1,1,0,6119744582.0,Damaged_Warehouse,2025-05-01,2025-05,UTC,8,Thursday
2025-04-30 09:31:42+00:00,6955166832,No case ID,No order ID,Reimbursement_Reversal,0N-XIX1-FPL9,X00209ZLGP,B0D1Z9TGWZ,TUBOPLUS 29 PSI X4e (non include la pompa dell'aria),NewItem,EUR,-22.92,-22.92,-1,1,0,6081647232.0,Damaged_Warehouse,2025-04-30,2025-04,UTC,9,Wednesday
2025-04-30 08:33:27+00:00,6955311582,No case ID,No order ID,Reimbursement_Reversal,LA-PMUR-5AB5,X0020C2PYD,B0D265ZYB6,"TUBOPLUS 29PSI X4e (Comprend une pompe à air, 2)",NewItem,EUR,-29.83,-29.83,-1,1,0,6445517942.0,CustomerReturn,2025-04-30,2025-04,UTC,8,Wednesday
2025-04-29 10:55:03+00:00,6952849732,No case ID,No order ID,Reimbursement_Reversal,JW-4PNV-18BT,X001ZWRDZP,B0CZMGFD3S,TUBOPLUS 29PSI X3e (include pompa d'aria),NewItem,EUR,-27.33,-27.33,-1,1,0,6683723062.0,CustomerReturn,2025-04-29,2025-04,UTC,10,Tuesday
2025-04-29 10:24:16+00:00,6952533012,No case ID,No order ID,Reimbursement_Reversal,JW-4PNV-18BT,X001ZWRDZP,B0CZMGFD3S,TUBOPLUS 29PSI X3e (pompe à air incluse),NewItem,EUR,-26.61,-26.61,-1,1,0,6584925052.0,Damaged_Warehouse,2025-04-29,2025-04,UTC,10,Tuesday
2025-04-28 09:45:10+00:00,6949538222,No case ID,No order ID,Reimbursement_Reversal,MK-78DJ-J0C2,X0020AR9P5,B0D22R7L7D,TUBOPLUS 29 PSI X3e (non include la pompa dell'aria),NewItem,EUR,-21.63,-21.63,-1,1,0,6522601162.0,CustomerReturn,2025-04-28,2025-04,UTC,9,Monday
2025-04-26 18:46:25+00:00,6945308032,No case ID,408-9975282-5466730,CustomerReturn,84-F0A5-X7S1,X001T0EPOZ,B07ZTHSVCK,TUBOPLUS - TuboX4 Crystal + Bomba con Manómetro - Presurizador de Pelotas de Tenis y Padel,NewItem,EUR,22.3,22.3,1,0,1,No original ID,Unknown,2025-04-26,2025-04,UTC,18,Saturday
2025-04-26 14:37:51+00:00,6945114552,No case ID,406-9285245-6353162,CustomerReturn,UG-965T-RORR,X0013ZBBK7,B07ZTHSVCK,PRESSURISEUR TUBOX4 Crystal avec Pompe MANOMETRE BETO pour Tous Les Bateaux avec 3 OU 4 Tennis ET BALLES DE Padel.,NewItem,EUR,21.64,21.64,1,0,1,No original ID,Unknown,2025-04-26,2025-04,UTC,14,Saturday
2025-04-24 07:45:29+00:00,6938515172,No case ID,404-7673214-0051540,CustomerReturn,84-F0A5-X7S1,X001T0EPOZ,B07ZTHSVCK,TUBOPLUS - TuboX4 Crystal + Bomba con Manómetro - Presurizador de Pelotas de Tenis y Padel,NewItem,EUR,22.3,22.3,1,0,1,No original ID,Unknown,2025-04-24,2025-04,UTC,7,Thursday
2025-04-22 07:24:27+00:00,6932552952,No case ID,403-1542601-7675524,CustomerReturn,MD-R60M-OYR1,X002326XGB,B0786KK4TG,Tubo Plus X3 - Presurizador de Pelotas de Pádel y Tenis | Bote Hermético para Mantener la Presión y Recuperar el Rebote | Capacidad para 3 Pelotas | No Incluye Inflador de Aire - Color Azul,NewItem,EUR,9.66,9.66,1,0,1,No original ID,Unknown,2025-04-22,2025-04,UTC,7,Tuesday
2025-04-18 14:53:03+00:00,6922342482,No case ID,171-6429193-9233150,CustomerReturn,UG-965T-RORR,X0013ZBBK7,B07ZTHSVCK,PRESSURISEUR TUBOX4 Crystal avec Pompe MANOMETRE BETO pour Tous Les Bateaux avec 3 OU 4 Tennis ET BALLES DE Padel.,NewItem,EUR,21.64,21.64,1,0,1,No original ID,Unknown,2025-04-18,2025-04,UTC,14,Friday
2025-04-18 10:22:13+00:00,6922065612,No case ID,No order ID,Reimbursement_Reversal,UG-965T-RORR,X0013ZBBK7,B07ZTHSVCK,PRESSURIZZATORE TUBOX4 Crystal con Pompa con MANOMETRO BETO per Tutte Le Barche con 3 O 4 Palline da Tennis E Padel.,NewItem,EUR,-20.85,-20.85,-1,1,0,6899784032.0,CustomerReturn,2025-04-18,2025-04,UTC,10,Friday
2025-04-17 17:23:29+00:00,6919500952,No case ID,405-8225098-2804355,CustomerReturn,MD-R60M-OYR1,X002326XGB,B0786KK4TG,"TUBOPLUS C1-O2UC-HPCJ Pressuriseur de Balles pour Tennis et Padel Adulte Unisexe, Bleu, 4 Boules",NewItem,EUR,8.87,8.87,1,0,1,No original ID,Unknown,2025-04-17,2025-04,UTC,17,Thursday
2025-04-17 15:17:13+00:00,6919466522,No case ID,406-3521507-2873165,CustomerReturn,IB-IKLG-TV8H,X000GERVU5,B0183RZ2VI,TuboPlus- TUBOX3 ORANGE 2020 Pallina da tennis e paddle Bottle Pressurizer Bottle - Salva le palle per un tubo !! - Più vita per le tue palle - Made in Zaragoza -Spain -,NewItem,EUR,7.92,7.92,1,0,1,No original ID,Unknown,2025-04-17,2025-04,UTC,15,Thursday
2025-04-16 11:39:28+00:00,6916742812,No case ID,No order ID,Reimbursement_Reversal,UG-965T-RORR,X0013ZBBK7,B07ZTHSVCK,PRESSURISEUR TUBOX4 Crystal avec Pompe MANOMETRE BETO pour Tous Les Bateaux avec 3 OU 4 Tennis ET BALLES DE Padel.,NewItem,EUR,-21.64,-21.64,-1,1,0,6876991802.0,CustomerReturn,2025-04-16,2025-04,UTC,11,Wednesday
2025-04-10 01:24:41+00:00,6899784032,No case ID,404-3288692-2375514,CustomerReturn,UG-965T-RORR,X0013ZBBK7,B07ZTHSVCK,PRESSURIZZATORE TUBOX4 Crystal con Pompa con MANOMETRO BETO per Tutte Le Barche con 3 O 4 Palline da Tennis E Padel.,NewItem,EUR,20.85,20.85,1,0,1,No original ID,Unknown,2025-04-10,2025-04,UTC,1,Thursday
2025-04-09 23:40:29+00:00,6899505892,No case ID,No order ID,Reimbursement_Reversal,MK-78DJ-J0C2,X0020AR9P5,B0D22R7L7D,TUBOPLUS 29PSI X3e (No Incluye Bomba de Aire),NewItem,EUR,-21.21,-21.21,-1,0,-1,6750177242.0,CustomerReturn,2025-04-09,2025-04,UTC,23,Wednesday
2025-04-08 17:37:38+00:00,6896092472,No case ID,408-3225424-2101112,CustomerReturn,TUBOX4-CRY-SB,X001PQP7KJ,B0BTDS4GYS,TUBOPLUS - Bote presurizador para Pelotas de pádel y Tenis | TUBOX4 Crystal (SIN Bomba) | Compresor para Pelotas | Accesorios indispensables,NewItem,EUR,11.83,11.83,1,0,1,No original ID,Unknown,2025-04-08,2025-04,UTC,17,Tuesday
2025-04-01 08:46:14+00:00,6876991802,No case ID,407-3005996-2374745,CustomerReturn,UG-965T-RORR,X0013ZBBK7,B07ZTHSVCK,PRESSURISEUR TUBOX4 Crystal avec Pompe MANOMETRE BETO pour Tous Les Bateaux avec 3 OU 4 Tennis ET BALLES DE Padel.,NewItem,EUR,21.64,21.64,1,0,1,No original ID,Unknown,2025-04-01,2025-04,UTC,8,Tuesday
2025-03-31 08:24:28+00:00,6874393452,No case ID,No order ID,Reimbursement_Reversal,TUBOX3-WHI,X001PQP7JP,B0BTDTVCG2,Tubo Plus X3 - Presurizador de Pelotas de Pádel y Tenis | Bote Hermético para Mantener la Presión y Recuperar el Rebote | Capacidad para 3 Pelotas | No Incluye Inflador de Aire - Color Blanco,NewItem,EUR,-5.44,-5.44,-1,1,0,6625151312.0,CustomerReturn,2025-03-31,2025-03,UTC,8,Monday
2025-03-30 06:46:27+00:00,6871448912,No case ID,404-0314148-1292379,CustomerReturn,84-F0A5-X7S1,X001T0EPOZ,B07ZTHSVCK,TUBOPLUS - TuboX4 Crystal + Bomba con Manómetro - Presurizador de Pelotas de Tenis y Padel,NewItem,EUR,22.3,22.3,1,0,1,No original ID,Unknown,2025-03-30,2025-03,UTC,6,Sunday
2025-03-28 11:07:53+00:00,6867590372,No case ID,No order ID,Reimbursement_Reversal,TUBOX3-WHI,X001PQP7JP,B0BTDTVCG2,Tubo Plus X3 - Presurizador de Pelotas de Pádel y Tenis | Bote Hermético para Mantener la Presión y Recuperar el Rebote | Capacidad para 3 Pelotas | No Incluye Inflador de Aire - Color Blanco,NewItem,EUR,-8.37,-8.37,-1,1,0,6865689192.0,CustomerReturn,2025-03-28,2025-03,UTC,11,Friday
2025-03-28 09:44:01+00:00,6867428952,No case ID,No order ID,Reimbursement_Reversal,TUBOX3-WHI,X001PQP7JP,B0BTDTVCG2,TUBOPLUS TuboX3 Color Pressurizzatore di palline da tennis e paddle | Colore bianco,NewItem,EUR,-14.26,-14.26,-1,1,0,6087275042.0,CustomerReturn,2025-03-28,2025-03,UTC,9,Friday
2025-03-28 09:16:12+00:00,6866988302,No case ID,No order ID,Reimbursement_Reversal,TUBOX3-WHI,X001PQP7JP,B0BTDTVCG2,TUBOPLUS TuboX3 Tennis- und Padelballdrucker | Weiß,NewItem,EUR,-5.23,-5.23,-1,1,0,6372766402.0,CustomerReturn,2025-03-28,2025-03,UTC,9,Friday
2025-03-27 23:53:35+00:00,6865689192,No case ID,408-4129490-6060308,CustomerReturn,TUBOX3-WHI,X001PQP7JP,B0BTDTVCG2,Tubo Plus X3 - Presurizador de Pelotas de Pádel y Tenis | Bote Hermético para Mantener la Presión y Recuperar el Rebote | Capacidad para 3 Pelotas | No Incluye Inflador de Aire - Color Blanco,NewItem,EUR,8.37,8.37,1,0,1,No original ID,Unknown,2025-03-27,2025-03,UTC,23,Thursday
2025-03-27 10:10:19+00:00,6864495152,No case ID,No order ID,Reimbursement_Reversal,TUBOX3-WHI,X001PQP7JP,B0BTDTVCG2,Tubo Plus X3 - Presurizador de Pelotas de Pádel y Tenis | Bote Hermético para Mantener la Presión y Recuperar el Rebote | Capacidad para 3 Pelotas | No Incluye Inflador de Aire - Color Blanco,NewItem,EUR,-8.37,-8.37,-1,1,0,6716861132.0,CustomerReturn,2025-03-27,2025-03,UTC,10,Thursday
2025-03-27 09:45:52+00:00,6864417752,No case ID,No order ID,Reimbursement_Reversal,TUBOX3-WHI,X001PQP7JP,B0BTDTVCG2,TUBOPLUS TuboX3 Pressurisateur de balles de tennis et padel Blanc,NewItem,EUR,-9.2,-9.2,-1,1,0,6048480952.0,CustomerReturn,2025-03-27,2025-03,UTC,9,Thursday
2025-03-27 08:37:12+00:00,6864160772,No case ID,No order ID,Reimbursement_Reversal,TUBOX3-WHI,X001PQP7JP,B0BTDTVCG2,TUBOPLUS TuboX3 Pressurisateur de balles de tennis et padel Blanc,NewItem,EUR,-9.2,-9.2,-1,1,0,6047999012.0,CustomerReturn,2025-03-27,2025-03,UTC,8,Thursday
2025-03-25 09:46:26+00:00,6858941772,No case ID,No order ID,Reimbursement_Reversal,IB-IKLG-TV8H,X000GERVU5,B0183RZ2VI,Tubo Plus X3 - Presurizador de Pelotas de Pádel y Tenis | Bote Hermético para Mantener la Presión y Recuperar el Rebote | Capacidad para 3 Pelotas | No Incluye Inflador de Aire - Color Naranja,NewItem,EUR,-11.56,-11.56,-1,1,0,5427029892.0,CustomerReturn,2025-03-25,2025-03,UTC,9,Tuesday
2025-03-24 10:03:42+00:00,6856364932,No case ID,No order ID,Reimbursement_Reversal,TUBOX3-WHI,X001PQP7JP,B0BTDTVCG2,Tubo Plus X3 - Presurizador de Pelotas de Pádel y Tenis | Bote Hermético para Mantener la Presión y Recuperar el Rebote | Capacidad para 3 Pelotas | No Incluye Inflador de Aire - Color Blanco,NewItem,EUR,-10.22,-10.22,-1,1,0,5662344202.0,CustomerReturn,2025-03-24,2025-03,UTC,10,Monday
2025-03-24 09:07:14+00:00,6856251222,No case ID,No order ID,Reimbursement_Reversal,TUBOX3-WHI,X001PQP7JP,B0BTDTVCG2,TUBOPLUS TuboX3 Color Pressurizzatore di palline da tennis e paddle | Colore bianco,NewItem,EUR,-14.26,-14.26,-1,1,0,5677027662.0,CustomerReturn,2025-03-24,2025-03,UTC,9,Monday
2025-03-16 19:04:14+00:00,6835471092,No case ID,404-0219501-7180306,CustomerReturn,MD-R60M-OYR1,X002326XGB,B0786KK4TG,TuboPlus - TUBOX3 BLUE 2020 Bouteille de tennis et bouteille de pressuriseur à palette - Économisez des balles par un tube !! - Plus de vie pour vos balles - Fabriqué à Zaragoza - Espagne,NewItem,EUR,8.87,8.87,1,0,1,No original ID,Unknown,2025-03-16,2025-03,UTC,19,Sunday
2025-03-13 16:16:52+00:00,6827301822,No case ID,406-7957011-3012344,CustomerReturn,UG-965T-RORR,X0013ZBBK7,B07ZTHSVCK,PRESSURIZZATORE TUBOX4 Crystal con Pompa con MANOMETRO BETO per Tutte Le Barche con 3 O 4 Palline da Tennis E Padel.,NewItem,EUR,20.85,20.85,1,0,1,No original ID,Unknown,2025-03-13,2025-03,UTC,16,Thursday
2025-03-07 11:58:21+00:00,6810239482,No case ID,No order ID,Reimbursement_Reversal,MD-R60M-OYR1,X002326XGB,B0786KK4TG,TuboPlus- TUBOX3 BLU 2020 Pallina da tennis e paddle Pressurizer Bottle - Salva le palle da un tubo !! - Più vita per le tue palle - Made in Zaragoza -Spain -,NewItem,EUR,-9.39,-9.39,-1,1,0,6698261792.0,CustomerReturn,2025-03-07,2025-03,UTC,11,Friday
2025-03-05 12:55:50+00:00,6804513412,No case ID,No order ID,Reimbursement_Reversal,JW-4PNV-18BT,X001ZWRDZP,B0CZMGFD3S,TUBOPLUS 29PSI X3e (Incluye Bomba de Aire),NewItem,EUR,-26.3,-26.3,-1,0,-1,6675092142.0,CustomerReturn,2025-03-05,2025-03,UTC,12,Wednesday
2025-02-26 09:41:35+00:00,6783614212,No case ID,No order ID,Reimbursement_Reversal,84-F0A5-X7S1,X001T0EPOZ,B07ZTHSVCK,TUBOPLUS - TuboX4 Crystal + Bomba con Manómetro - Presurizador de Pelotas de Tenis y Padel,NewItem,EUR,-26.87,-26.87,-1,1,0,5419645472.0,CustomerReturn,2025-02-26,2025-02,UTC,9,Wednesday
2025-02-20 12:27:26+00:00,6767051532,No case ID,No order ID,Reimbursement_Reversal,UG-965T-RORR,X0013ZBBK7,B07ZTHSVCK,TUBOPLUS - TuboX4 Crystal + Bomba con Manómetro - Presurizador de Pelotas de Tenis y Padel,NewItem,EUR,-22.31,-22.31,-1,1,0,6764425512.0,CustomerReturn,2025-02-20,2025-02,UTC,12,Thursday
2025-02-19 20:03:33+00:00,6764425512,No case ID,402-5416094-9421906,CustomerReturn,UG-965T-RORR,X0013ZBBK7,B07ZTHSVCK,TUBOPLUS - TuboX4 Crystal + Bomba con Manómetro - Presurizador de Pelotas de Tenis y Padel,NewItem,EUR,22.31,22.31,1,0,1,No original ID,Unknown,2025-02-19,2025-02,UTC,20,Wednesday
2025-02-19 18:33:54+00:00,6763990162,No case ID,171-0972026-5930715,CustomerReturn,35-DQ86-IJB4,X001D1A0DZ,B09266N893,TuboPlus - TuboX3 Crystal + Bomba con Manometro BETO - Presurizador de Pelotas de Tenis y Padel,NewItem,EUR,18.11,18.11,1,0,1,No original ID,Unknown,2025-02-19,2025-02,UTC,18,Wednesday
2025-02-18 07:15:42+00:00,6759111902,No case ID,No order ID,Lost_Warehouse,MD-R60M-OYR1,X002326XGB,B0786KK4TG,TuboX3 Color | TuboPlus - Presurizador de Pelotas de Tenis y Padel | Color Azul,NewItem,EUR,9.54,9.54,1,0,1,No original ID,Unknown,2025-02-18,2025-02,UTC,7,Tuesday
2025-02-17 06:35:21+00:00,6755202162,No case ID,No order ID,Lost_Warehouse,TUBOX4-CRY-SB,X001PQP7KJ,B0BTDS4GYS,TUBOPLUS - Druckbehälter für Padel- und Tennisbälle | TUBOX4 Crystal (ohne Pumpe) | Kompressor für Bälle | unverzichtbares Zubehör,NewItem,EUR,13.46,13.46,1,0,1,No original ID,Unknown,2025-02-17,2025-02,UTC,6,Monday
2025-02-17 05:21:56+00:00,6754690772,No case ID,No order ID,Lost_Warehouse,TUBOX3-PINK,X001PQRHT3,B0BTDTN52N,TUBOPLUS TuboX3 Color Presurizador de Pelotas de Tenis y Padel | Color Rosa,NewItem,EUR,9.77,9.77,1,0,1,No original ID,Unknown,2025-02-17,2025-02,UTC,5,Monday
2025-02-17 03:18:12+00:00,6754420152,No case ID,No order ID,Lost_Warehouse,TUBOX4-CRY-SB,X001PQP7KJ,B0BTDS4GYS,TUBOPLUS - Bote presurizador para Pelotas de pádel y Tenis | TUBOX4 Crystal (SIN Bomba) | Compresor para Pelotas | Accesorios indispensables,NewItem,EUR,11.99,11.99,1,0,1,No original ID,Unknown,2025-02-17,2025-02,UTC,3,Monday
2025-02-16 03:56:00+00:00,6751035382,No case ID,No order ID,Lost_Warehouse,IB-IKLG-TV8H,X000GERVU5,B0183RZ2VI,TUBOPLUS- TUBOX3 Naranja 2020 Bote Presurizador de Pelotas de Tenis y Padel - Ahorra Bolas por un Tubo!! - Más Vida para Tus Bolas – Made in Zaragoza-Spain –,NewItem,EUR,8.27,8.27,1,0,1,No original ID,Unknown,2025-02-16,2025-02,UTC,3,Sunday
2025-02-15 22:30:57+00:00,6750177242,No case ID,405-7443867-0833115,CustomerReturn,MK-78DJ-J0C2,X0020AR9P5,B0D22R7L7D,TUBOPLUS 29PSI X3e (No Incluye Bomba de Aire),NewItem,EUR,21.21,21.21,1,0,1,No original ID,Unknown,2025-02-15,2025-02,UTC,22,Saturday
2025-02-15 05:17:35+00:00,6747899842,No case ID,No order ID,Lost_Warehouse,JW-4PNV-18BT,X001ZWRDZP,B0CZMGFD3S,TUBOPLUS 29PSI X3e (pompe à air incluse),NewItem,EUR,26.57,26.57,1,0,1,No original ID,Unknown,2025-02-15,2025-02,UTC,5,Saturday
2025-02-14 21:54:13+00:00,6746956742,No case ID,403-8350639-2405965,CustomerReturn,MK-78DJ-J0C2,X0020AR9P5,B0D22R7L7D,TUBOPLUS 29PSI X3e (No Incluye Bomba de Aire),NewItem,EUR,21.21,21.21,1,0,1,No original ID,Unknown,2025-02-14,2025-02,UTC,21,Friday
2025-02-12 20:01:50+00:00,6739256672,No case ID,402-4656533-0538743,CustomerReturn,35-DQ86-IJB4,X001D1A0DZ,B09266N893,"TUBOPLUS TuboX3 - Pompa Crystal con Manometro Beto, Pressurizzatore per Palline Da Tennis e Paddle",NewItem,EUR,24.2,24.2,1,0,1,No original ID,Unknown,2025-02-12,2025-02,UTC,20,Wednesday
2025-02-11 10:48:10+00:00,6734705432,No case ID,No order ID,Reimbursement_Reversal,UG-965T-RORR,X0013ZBBK7,B07ZTHSVCK,TUBOPLUS - TuboX4 Crystal + Bomba con Manómetro - Presurizador de Pelotas de Tenis y Padel,NewItem,EUR,-22.31,-22.31,-1,1,0,6732653552.0,CustomerReturn,2025-02-11,2025-02,UTC,10,Tuesday
2025-02-10 20:25:28+00:00,6732653552,No case ID,407-0531310-9029926,CustomerReturn,UG-965T-RORR,X0013ZBBK7,B07ZTHSVCK,TUBOPLUS - TuboX4 Crystal + Bomba con Manómetro - Presurizador de Pelotas de Tenis y Padel,NewItem,EUR,22.31,22.31,1,0,1,No original ID,Unknown,2025-02-10,2025-02,UTC,20,Monday
2025-02-06 01:04:41+00:00,6717617642,No case ID,404-0925334-3901160,CustomerReturn,4R-VSV0-WZ9Z,X00231GYQL,B0D87X42RN,TUBOPLUS TuboX3 Color Presurizador de Pelotas de Tenis y Padel | Color Dorado,NewItem,EUR,9.66,9.66,1,0,1,No original ID,Unknown,2025-02-06,2025-02,UTC,1,Thursday
2025-02-05 17:25:27+00:00,6716597822,No case ID,404-0925334-3901160,CustomerReturn,4R-VSV0-WZ9Z,X00231GYQL,B0D87X42RN,TUBOPLUS TuboX3 Color Presurizador de Pelotas de Tenis y Padel | Color Dorado,NewItem,EUR,9.66,9.66,1,0,1,No original ID,Unknown,2025-02-05,2025-02,UTC,17,Wednesday
2025-02-05 16:30:56+00:00,6716861132,No case ID,406-4926111-6648303,CustomerReturn,TUBOX3-WHI,X001PQP7JP,B0BTDTVCG2,TUBOPLUS TuboX3 Color Presurizador de Pelotas de Tenis y Padel | Color Blanco,NewItem,EUR,8.37,8.37,1,0,1,No original ID,Unknown,2025-02-05,2025-02,UTC,16,Wednesday
2025-02-01 05:50:39+00:00,6702399592,No case ID,404-1562108-9209952,CustomerReturn,35-DQ86-IJB4,X001D1A0DZ,B09266N893,"TUBOPLUS 35-DQ86-IJB4 Pressuriseur de Balles pour Tennis et Padel Adulte Unisexe, Transparent, 3 Boules",NewItem,EUR,20.26,20.26,1,0,1,No original ID,Unknown,2025-02-01,2025-02,UTC,5,Saturday
2025-01-30 21:59:26+00:00,6698261792,No case ID,408-9822095-1375515,CustomerReturn,MD-R60M-OYR1,X002326XGB,B0786KK4TG,TuboPlus- TUBOX3 BLU 2020 Pallina da tennis e paddle Pressurizer Bottle - Salva le palle da un tubo !! - Più vita per le tue palle - Made in Zaragoza -Spain -,NewItem,EUR,9.39,9.39,1,0,1,No original ID,Unknown,2025-01-30,2025-01,UTC,21,Thursday
2025-01-27 12:53:59+00:00,6685185612,No case ID,No order ID,Reimbursement_Reversal,UG-965T-RORR,X0013ZBBK7,B07ZTHSVCK,TUBOPLUS - TuboX4 Crystal + Bomba con Manómetro - Presurizador de Pelotas de Tenis y Padel,NewItem,EUR,-20.64,-20.64,-1,1,0,6459889592.0,CustomerReturn,2025-01-27,2025-01,UTC,12,Monday
2025-01-27 02:27:37+00:00,6683723062,No case ID,171-6928426-3075534,CustomerReturn,JW-4PNV-18BT,X001ZWRDZP,B0CZMGFD3S,TUBOPLUS 29PSI X3e (include pompa d'aria),NewItem,EUR,27.33,27.33,1,0,1,No original ID,Unknown,2025-01-27,2025-01,UTC,2,Monday
2025-01-25 05:37:50+00:00,6677035522,No case ID,No order ID,Lost_Warehouse,JW-4PNV-18BT,X001ZWRDZP,B0CZMGFD3S,TUBOPLUS 29PSI X3e (include pompa d'aria),NewItem,EUR,27.33,27.33,1,0,1,No original ID,Unknown,2025-01-25,2025-01,UTC,5,Saturday
2025-01-24 14:48:50+00:00,6675092142,No case ID,407-6403972-8731560,CustomerReturn,JW-4PNV-18BT,X001ZWRDZP,B0CZMGFD3S,TUBOPLUS 29PSI X3e (Incluye Bomba de Aire),NewItem,EUR,26.3,26.3,1,0,1,No original ID,Unknown,2025-01-24,2025-01,UTC,14,Friday
2025-01-22 03:14:28+00:00,6661001092,No case ID,406-2949012-1973938,CustomerReturn,35-DQ86-IJB4,X001D1A0DZ,B09266N893,TUBOX3 + Bomba - Presurizador Pelotas Pádel | Multiplica X7 La Vida De Tus Pelotas | Recupera La Presión De Tus Bolas Después De Cada Partido | Bote para 3 Pelotas | Accesorios Pádel,NewItem,EUR,17.74,17.74,1,0,1,No original ID,Unknown,2025-01-22,2025-01,UTC,3,Wednesday
2025-01-19 18:26:26+00:00,6651705412,No case ID,408-1389524-5650752,CustomerReturn,amzn.gr.35-DQ86-IJB4-fTLSzi4gJVA4QQTp-LN,X0026LL7KV,B09266N893,"TUBOPLUS 35-DQ86-IJB4 Pressuriseur de Balles pour Tennis et Padel Adulte Unisexe, Transparent, 3 Boules",UsedLikeNew,EUR,14.83,14.83,1,0,1,No original ID,Unknown,2025-01-19,2025-01,UTC,18,Sunday
2025-01-19 15:57:16+00:00,6651585512,No case ID,403-4138507-7237103,CustomerReturn,TUBOX3-PINK,X001PQRHT3,B0BTDTN52N,TUBOPLUS TuboX3 Color Pressurizzatore per palline da tennis e paddle | colore rosa,NewItem,EUR,9.39,9.39,1,0,1,No original ID,Unknown,2025-01-19,2025-01,UTC,15,Sunday
2025-01-19 03:35:18+00:00,6649112182,No case ID,No order ID,Lost_Warehouse,TUBOX3-WHI,X001PQP7JP,B0BTDTVCG2,TUBOPLUS TuboX3 Color Presurizador de Pelotas de Tenis y Padel | Color Blanco,NewItem,EUR,8.02,8.02,1,0,1,No original ID,Unknown,2025-01-19,2025-01,UTC,3,Sunday
2025-01-19 03:35:18+00:00,6649112182,No case ID,No order ID,Lost_Warehouse,TUBOX3-WHI,X001PQP7JP,B0BTDTVCG2,TUBOPLUS TuboX3 Color Presurizador de Pelotas de Tenis y Padel | Color Blanco,NewItem,EUR,8.02,8.02,1,0,1,No original ID,Unknown,2025-01-19,2025-01,UTC,3,Sunday
2025-01-12 08:42:00+00:00,6625151312,No case ID,171-4068336-7741129,CustomerReturn,TUBOX3-WHI,X001PQP7JP,B0BTDTVCG2,TUBOPLUS TuboX3 Color Presurizador de Pelotas de Tenis y Padel | Color Blanco,NewItem,EUR,5.44,5.44,1,0,1,No original ID,Unknown,2025-01-12,2025-01,UTC,8,Sunday
2025-01-11 15:49:34+00:00,6623722382,No case ID,403-7151939-0485140,CustomerReturn,UG-965T-RORR,X0013ZBBK7,B07ZTHSVCK,TuboPlus - Tubox4 Crystal + Pump med tryckmätare Beto - Tennis och Padel Bollar Tryck,NewItem,SEK,271.27,271.27,1,0,1,No original ID,Unknown,2025-01-11,2025-01,UTC,15,Saturday
2025-01-07 17:01:57+00:00,6610533662,No case ID,406-4844089-8841922,CustomerReturn,IB-IKLG-TV8H,X000GERVU5,B0183RZ2VI,TuboPlus- TUBOX3 Orange 2020 tennisbal en paddle drukfles - Spaarballen door een buis !! - Meer leven voor je ballen - Gemaakt in Zaragoza-Spanje -,NewItem,EUR,9.58,9.58,1,0,1,No original ID,Unknown,2025-01-07,2025-01,UTC,17,Tuesday
2025-01-03 04:30:37+00:00,6596895022,No case ID,028-9632113-9864329,CustomerReturn,TUBOX4-CRY-SB,X001PQP7KJ,B0BTDS4GYS,TUBOPLUS - Druckbehälter für Padel- und Tennisbälle | TUBOX4 Crystal (ohne Pumpe) | Kompressor für Bälle | unverzichtbares Zubehör,NewItem,EUR,13.09,13.09,1,0,1,No original ID,Unknown,2025-01-03,2025-01,UTC,4,Friday
2025-01-02 01:58:57+00:00,6593906062,No case ID,302-8071305-7592313,CustomerReturn,TUBOX4-CRY-SB,X001PQP7KJ,B0BTDS4GYS,TUBOPLUS - Druckbehälter für Padel- und Tennisbälle | TUBOX4 Crystal (ohne Pumpe) | Kompressor für Bälle | unverzichtbares Zubehör,NewItem,EUR,13.09,13.09,1,0,1,No original ID,Unknown,2025-01-02,2025-01,UTC,1,Thursday
