return_date,order_id,sku,asin,fnsku,product_name,quantity,fulfillment_center_id,detailed_disposition,reason,status,license_plate_number,customer_comments,return_day,return_month,return_year,return_weekday,return_hour_block,is_weekend
2025-07-18 19:23:29+00:00,408-1338767-0820369,TUBOX4-CRY-SB,B0BTDS4GYS,X001PQP7KJ,TUBOPLUS - Bote presurizador para Pelotas de pádel y Tenis | TUBOX4 Crystal (SIN Bomba) | Compresor para Pelotas | Accesorios indispensables,1,BCN1,SELLABLE,UNDELIVERABLE_REFUSED,Unit returned to inventory,LPNWE255457219,Sin comentarios,18,7,2025,Friday,Noche (18-24h),False
2025-07-17 19:33:53+00:00,404-4821919-3513168,TUBOX4-CRY-SB,B0BTDS4GYS,X001PQP7KJ,TUBOPLUS - Bote presurizador para Pelotas de pádel y Tenis | TUBOX4 Crystal (SIN Bomba) | Compresor para Pelotas | Accesorios indispensables,1,MAD4,SELLABLE,DEFECTIVE,Unit returned to inventory,LPNWE324858712,No trae bomba específica y no nos vale.,17,7,2025,Thursday,Noche (18-24h),False
2025-07-17 11:51:04+00:00,402-3632602-3809101,4R-VSV0-WZ9Z,B0D87X42RN,X00231GYQL,Tubo Plus X3 - Pressurisateur de Balles de Padel et de Tennis | Boîte Hermétique pour Maintenir la Pression et Récupérer Le Rebond | Capacité: 3 Balles | Pompe Non Incluse - Doré,1,BTS2,DEFECTIVE,DEFECTIVE,Unit returned to inventory,LPNRP046996324,"Impossible de l’ouvrir, sauf en le cassant ! Vous me devez 3 balles !",17,7,2025,Thursday,Mañana (6-12h),False
2025-07-15 23:45:16+00:00,305-0117022-0501905,TUBOX4-CRY-SB,B0BTDS4GYS,X001PQP7KJ,TUBOPLUS - Druckbehälter für Padel- und Tennisbälle | TUBOX4 Crystal (ohne Pumpe) | Kompressor für Bälle | unverzichtbares Zubehör,1,BTS2,SELLABLE,NO_REASON_GIVEN,Unit returned to inventory,LPNHE978271938,Sin comentarios,15,7,2025,Tuesday,Noche (18-24h),False
2025-07-15 04:58:07+00:00,404-9743795-1439508,29PSIX3_SB,B0F1F4FM85,X0029D0DRJ,TUBOPLUS 29PSI X3e - Presurizador de Pelotas de Pádel y Tenis | Capacidad para 3 Pelotas | Bote Hermético | Requiere Bomba de Aire (No Incluida),1,MAD4,CUSTOMER_DAMAGED,UNWANTED_ITEM,Unit returned to inventory,LPNWE315187160,Sin comentarios,15,7,2025,Tuesday,Madrugada (0-6h),False
2025-07-14 18:51:49+00:00,407-9602386-8245133,TUBOX4-CRY-SB,B0BTDS4GYS,X001PQP7KJ,TUBOPLUS - Bote presurizador para Pelotas de pádel y Tenis | TUBOX4 Crystal (SIN Bomba) | Compresor para Pelotas | Accesorios indispensables,1,MAD4,SELLABLE,UNDELIVERABLE_UNKNOWN,Unit returned to inventory,LPNWE316523102,Sin comentarios,14,7,2025,Monday,Tarde (12-18h),False
2025-07-14 16:53:58+00:00,304-9159389-1059510,TUBOX4-CRY-SB,B0BTDS4GYS,X001PQP7KJ,TUBOPLUS - Druckbehälter für Padel- und Tennisbälle | TUBOX4 Crystal (ohne Pumpe) | Kompressor für Bälle | unverzichtbares Zubehör,1,BTS2,SELLABLE,MISSED_ESTIMATED_DELIVERY,Unit returned to inventory,LPNHE965278646,Sin comentarios,14,7,2025,Monday,Tarde (12-18h),False
2025-07-14 11:42:29+00:00,402-8416379-6905107,TUBOX3-WHI,B0BTDTVCG2,X001PQP7JP,Tubo Plus X3 - Pressurisateur de Balles de Padel et de Tennis | Boîte Hermétique pour Maintenir la Pression et Récupérer Le Rebond | Capacité: 3 Balles | Pompe Non Incluse - Blanc,1,ORY1,SELLABLE,UNDELIVERABLE_REFUSED,Unit returned to inventory,LPNIC128854686,Sin comentarios,14,7,2025,Monday,Mañana (6-12h),False
2025-07-14 05:32:03+00:00,171-7366696-9707526,UG-965T-RORR,B07ZTHSVCK,X0013ZBBK7,TUBOPLUS - TuboX4 Crystal + Bomba con Manómetro - Presurizador de Pelotas de Tenis y Padel,1,MAD4,DEFECTIVE,DEFECTIVE,Unit returned to inventory,LPNRP051193405,No hace la función deseada!,14,7,2025,Monday,Madrugada (0-6h),False
2025-07-13 20:03:35+00:00,406-9424905-6451550,MD-R60M-OYR1,B0786KK4TG,X002326XGB,Tubo Plus X3 - Presurizador de Pelotas de Pádel y Tenis | Bote Hermético para Mantener la Presión y Recuperar el Rebote | Capacidad para 3 Pelotas | No Incluye Inflador de Aire - Color Azul,1,MAD4,SELLABLE,UNDELIVERABLE_UNKNOWN,Unit returned to inventory,LPNWE324324784,Sin comentarios,13,7,2025,Sunday,Noche (18-24h),True
2025-07-11 12:15:32+00:00,406-0847574-1898700,TUBOX3-WHI,B0BTDTVCG2,X001PQP7JP,Tubo Plus X3 - Presurizador de Pelotas de Pádel y Tenis | Bote Hermético para Mantener la Presión y Recuperar el Rebote | Capacidad para 3 Pelotas | No Incluye Inflador de Aire - Color Blanco,1,MAD4,SELLABLE,ORDERED_WRONG_ITEM,Unit returned to inventory,LPNWE320997932,Sin comentarios,11,7,2025,Friday,Mañana (6-12h),False
2025-07-11 12:02:54+00:00,405-1612549-8476333,MD-R60M-OYR1,B0786KK4TG,X002326XGB,Tubo Plus X3 - Presurizador de Pelotas de Pádel y Tenis | Bote Hermético para Mantener la Presión y Recuperar el Rebote | Capacidad para 3 Pelotas | No Incluye Inflador de Aire - Color Azul,1,MAD4,SELLABLE,DEFECTIVE,Unit returned to inventory,LPNWE321126058,DOESTNW WOKR,11,7,2025,Friday,Mañana (6-12h),False
2025-07-08 18:16:25+00:00,405-3686405-2298751,4R-VSV0-WZ9Z,B0D87X42RN,X00231GYQL,TUBOPLUS X3 - Presurizador de Pelotas de Pádel y Tenis | Bote Hermético para Mantener la Presión y Recuperar el Rebote | Capacidad para 3 Pelotas | No Incluye Inflador de Aire - Color Dorado,1,MAD4,SELLABLE,UNDELIVERABLE_UNKNOWN,Unit returned to inventory,LPNIC105670661,Sin comentarios,8,7,2025,Tuesday,Tarde (12-18h),False
2025-07-08 14:15:28+00:00,028-4059073-6576338,4R-VSV0-WZ9Z,B0D87X42RN,X00231GYQL,TUBOPLUS TuboX3 Color Presurizer für Tennis- und Padelbälle | Farbe Gold,1,WRO1,SELLABLE,UNDELIVERABLE_REFUSED,Unit returned to inventory,LPNHK351077550,Sin comentarios,8,7,2025,Tuesday,Tarde (12-18h),False
2025-07-07 16:23:42+00:00,407-9787537-6918751,29PSIX3_SB,B0F1F4FM85,X0029D0DRJ,TUBOPLUS 29PSI X3e - Presurizador de Pelotas de Pádel y Tenis | Capacidad para 3 Pelotas | Bote Hermético | Requiere Bomba de Aire (No Incluida),1,MAD4,SELLABLE,UNDELIVERABLE_REFUSED,Unit returned to inventory,LPNWE321284423,Sin comentarios,7,7,2025,Monday,Tarde (12-18h),False
2025-07-06 16:14:55+00:00,408-6569252-4181142,29PSIX3_CB_2,B0F1F2PQPK,X0029D24LR,TUBOPLUS 29PSI X3e con Bomba - Presurizador de Pelotas de Pádel y Tenis | Capacidad para 3 Pelotas | Bote Hermético | Incluye Inflador con Manómetro,1,MAD4,SELLABLE,UNDELIVERABLE_UNKNOWN,Unit returned to inventory,LPNWE318535747,Sin comentarios,6,7,2025,Sunday,Tarde (12-18h),True
2025-07-04 01:27:24+00:00,306-4368033-2657127,TUBOX4-CRY-SB,B0BTDS4GYS,X001PQP7KJ,TUBOPLUS - Druckbehälter für Padel- und Tennisbälle | TUBOX4 Crystal (ohne Pumpe) | Kompressor für Bälle | unverzichtbares Zubehör,1,BTS2,CUSTOMER_DAMAGED,NO_REASON_GIVEN,Unit returned to inventory,LPNRP046438230,Sin comentarios,4,7,2025,Friday,Madrugada (0-6h),False
2025-07-03 13:51:06+00:00,403-7909013-7076331,4R-VSV0-WZ9Z,B0D87X42RN,X00231GYQL,TUBOPLUS X3 - Presurizador de Pelotas de Pádel y Tenis | Bote Hermético para Mantener la Presión y Recuperar el Rebote | Capacidad para 3 Pelotas | No Incluye Inflador de Aire - Color Dorado,1,MAD4,CUSTOMER_DAMAGED,ORDERED_WRONG_ITEM,Unit returned to inventory,LPNRP047131406,Sin comentarios,3,7,2025,Thursday,Tarde (12-18h),False
2025-07-01 15:30:50+00:00,402-1776802-4337907,TUBOX4-CRY-SB,B0BTDS4GYS,X001PQP7KJ,TUBOPLUS - Bote presurizador para Pelotas de pádel y Tenis | TUBOX4 Crystal (SIN Bomba) | Compresor para Pelotas | Accesorios indispensables,1,MAD4,SELLABLE,ORDERED_WRONG_ITEM,Unit returned to inventory,LPNWE315187236,Es el tercero dque recibo. Anular la continuidad de la compra por favor,1,7,2025,Tuesday,Tarde (12-18h),False
2025-06-29 14:58:59+00:00,407-9703800-6333126,TUBOX3-WHI,B0BTDTVCG2,X001PQP7JP,Tubo Plus X3 - Presurizador de Pelotas de Pádel y Tenis | Bote Hermético para Mantener la Presión y Recuperar el Rebote | Capacidad para 3 Pelotas | No Incluye Inflador de Aire - Color Blanco,1,MAD4,CUSTOMER_DAMAGED,NO_REASON_GIVEN,Unit returned to inventory,LPNRP047287076,Sin comentarios,29,6,2025,Sunday,Tarde (12-18h),True
2025-06-28 01:11:05+00:00,171-1553826-7513131,TUBOX4-CRY-SB,B0BTDS4GYS,X001PQP7KJ,TUBOPLUS - Bote presurizador para Pelotas de pádel y Tenis | TUBOX4 Crystal (SIN Bomba) | Compresor para Pelotas | Accesorios indispensables,1,WRO1,SELLABLE,ORDERED_WRONG_ITEM,Unit returned to inventory,LPNWE314193706,Sin comentarios,28,6,2025,Saturday,Madrugada (0-6h),True
2025-06-26 11:52:38+00:00,407-9707424-9001956,TUBOX3-WHI,B0BTDTVCG2,X001PQP7JP,TUBOPLUS TuboX3 Color Pressurizzatore di palline da tennis e paddle | Colore bianco,1,ORY1,SELLABLE,UNDELIVERABLE_UNKNOWN,Unit returned to inventory,LPNIC128528788,Sin comentarios,26,6,2025,Thursday,Mañana (6-12h),False
2025-06-20 18:52:09+00:00,403-7711347-8482749,4R-VSV0-WZ9Z,B0D87X42RN,X00231GYQL,TUBOPLUS X3 - Presurizador de Pelotas de Pádel y Tenis | Bote Hermético para Mantener la Presión y Recuperar el Rebote | Capacidad para 3 Pelotas | No Incluye Inflador de Aire - Color Dorado,1,MAD4,SELLABLE,NO_REASON_GIVEN,Unit returned to inventory,LPNRP047181401,Sin comentarios,20,6,2025,Friday,Tarde (12-18h),False
2025-06-20 12:18:46+00:00,404-3126002-7284367,UG-965T-RORR,B07ZTHSVCK,X0013ZBBK7,TUBOPLUS - TuboX4 Crystal + Bomba con Manómetro - Presurizador de Pelotas de Tenis y Padel,1,BTS2,SELLABLE,NO_REASON_GIVEN,Unit returned to inventory,LPNHE955128992,Sin comentarios,20,6,2025,Friday,Mañana (6-12h),False
2025-06-19 11:51:35+00:00,408-1388329-1001930,TUBOX4-CRY-SB,B0BTDS4GYS,X001PQP7KJ,TUBOPLUS - Bote presurizador para Pelotas de pádel y Tenis | TUBOX4 Crystal (SIN Bomba) | Compresor para Pelotas | Accesorios indispensables,1,MAD4,CUSTOMER_DAMAGED,DEFECTIVE,Unit returned to inventory,LPNWE321525804,Sin comentarios,19,6,2025,Thursday,Mañana (6-12h),False
2025-06-19 10:23:00+00:00,304-2496378-4590714,TUBOX4-CRY-SB,B0BTDS4GYS,X001PQP7KJ,TUBOPLUS - Druckbehälter für Padel- und Tennisbälle | TUBOX4 Crystal (ohne Pumpe) | Kompressor für Bälle | unverzichtbares Zubehör,1,PRG2,SELLABLE,UNDELIVERABLE_UNKNOWN,Unit returned to inventory,LPNHE928004175,Sin comentarios,19,6,2025,Thursday,Mañana (6-12h),False
2025-06-19 00:09:50+00:00,405-6250527-3763542,TUBOX3-WHI,B0BTDTVCG2,X001PQP7JP,Tubo Plus X3 - Presurizador de Pelotas de Pádel y Tenis | Bote Hermético para Mantener la Presión y Recuperar el Rebote | Capacidad para 3 Pelotas | No Incluye Inflador de Aire - Color Blanco,1,MAD4,SELLABLE,UNDELIVERABLE_UNKNOWN,Unit returned to inventory,LPNWE316014391,Sin comentarios,19,6,2025,Thursday,Madrugada (0-6h),False
2025-06-18 18:58:39+00:00,408-5275736-5874726,UG-965T-RORR,B07ZTHSVCK,X0013ZBBK7,TUBOPLUS - TuboX4 Crystal + Bomba con Manómetro - Presurizador de Pelotas de Tenis y Padel,1,BTS2,SELLABLE,ORDERED_WRONG_ITEM,Unit returned to inventory,LPNWE315006064,No lo recogieron en la dirección solicitada,18,6,2025,Wednesday,Tarde (12-18h),False
2025-06-18 16:38:34+00:00,404-1286545-5641963,4R-VSV0-WZ9Z,B0D87X42RN,X00231GYQL,TUBOPLUS X3 - Presurizador de Pelotas de Pádel y Tenis | Bote Hermético para Mantener la Presión y Recuperar el Rebote | Capacidad para 3 Pelotas | No Incluye Inflador de Aire - Color Dorado,1,MAD4,SELLABLE,DEFECTIVE,Unit returned to inventory,LPNWE320400564,Esto es totalmente inútil,18,6,2025,Wednesday,Tarde (12-18h),False
2025-06-13 08:25:46+00:00,302-4475311-7337930,TUBOX4-CRY-SB,B0BTDS4GYS,X001PQP7KJ,TUBOPLUS - Druckbehälter für Padel- und Tennisbälle | TUBOX4 Crystal (ohne Pumpe) | Kompressor für Bälle | unverzichtbares Zubehör,1,LCJ4,CUSTOMER_DAMAGED,NO_REASON_GIVEN,Unit returned to inventory,LPNRP047710568,Sin comentarios,13,6,2025,Friday,Mañana (6-12h),False
2025-06-13 06:01:53+00:00,171-7228660-4773910,TUBOX4-CRY-SB,B0BTDS4GYS,X001PQP7KJ,TUBOPLUS - Bote presurizador para Pelotas de pádel y Tenis | TUBOX4 Crystal (SIN Bomba) | Compresor para Pelotas | Accesorios indispensables,1,KTW1,DEFECTIVE,NOT_AS_DESCRIBED,Unit returned to inventory,LPNWE311893232,No trae bomba,13,6,2025,Friday,Madrugada (0-6h),False
2025-06-12 20:20:51+00:00,403-0987292-8614709,TUBOX4-CRY-SB,B0BTDS4GYS,X001PQP7KJ,TUBOPLUS - Bote presurizador para Pelotas de pádel y Tenis | TUBOX4 Crystal (SIN Bomba) | Compresor para Pelotas | Accesorios indispensables,1,MAD4,SELLABLE,UNDELIVERABLE_UNKNOWN,Unit returned to inventory,LPNWE309125062,Sin comentarios,12,6,2025,Thursday,Noche (18-24h),False
2025-06-12 15:00:25+00:00,303-6018588-5642736,TUBOX4-CRY-SB,B0BTDS4GYS,X001PQP7KJ,TUBOPLUS - Druckbehälter für Padel- und Tennisbälle | TUBOX4 Crystal (ohne Pumpe) | Kompressor für Bälle | unverzichtbares Zubehör,1,PRG2,SELLABLE,UNDELIVERABLE_UNKNOWN,Unit returned to inventory,LPNHE932656815,Sin comentarios,12,6,2025,Thursday,Tarde (12-18h),False
2025-06-12 12:28:22+00:00,402-9937535-9838745,TUBOX4-CRY-SB,B0BTDS4GYS,X001PQP7KJ,TUBOPLUS - Bote presurizador para Pelotas de pádel y Tenis | TUBOX4 Crystal (SIN Bomba) | Compresor para Pelotas | Accesorios indispensables,1,MAD4,SELLABLE,UNDELIVERABLE_UNKNOWN,Unit returned to inventory,LPNWE309951161,Sin comentarios,12,6,2025,Thursday,Mañana (6-12h),False
2025-06-11 20:49:01+00:00,405-0742172-8580305,TUBOX4-CRY-SB,B0BTDS4GYS,X001PQP7KJ,TUBOPLUS - Bote presurizador para Pelotas de pádel y Tenis | TUBOX4 Crystal (SIN Bomba) | Compresor para Pelotas | Accesorios indispensables,1,BTS2,SELLABLE,ORDERED_WRONG_ITEM,Unit returned to inventory,LPNWE316035288,"I didn&#39;t order this, or unknowingly chose &#34;repeat purchase&#34;!",11,6,2025,Wednesday,Noche (18-24h),False
2025-06-11 17:24:02+00:00,171-0182159-6509121,MD-R60M-OYR1,B0786KK4TG,X002326XGB,Tubo Plus X3 - Presurizador de Pelotas de Pádel y Tenis | Bote Hermético para Mantener la Presión y Recuperar el Rebote | Capacidad para 3 Pelotas | No Incluye Inflador de Aire - Color Azul,1,BTS2,CUSTOMER_DAMAGED,NO_REASON_GIVEN,Unit returned to inventory,LPNRP044424262,Sin comentarios,11,6,2025,Wednesday,Tarde (12-18h),False
2025-06-11 04:41:39+00:00,305-1598796-7998768,TUBOX4-CRY-SB,B0BTDS4GYS,X001PQP7KJ,TUBOPLUS - Druckbehälter für Padel- und Tennisbälle | TUBOX4 Crystal (ohne Pumpe) | Kompressor für Bälle | unverzichtbares Zubehör,1,LCJ4,SELLABLE,UNWANTED_ITEM,Unit returned to inventory,LPNHK410148514,"No longer needed, it is not even opened",11,6,2025,Wednesday,Madrugada (0-6h),False
2025-06-10 12:51:22+00:00,304-4195118-8454714,TUBOX4-CRY-SB,B0BTDS4GYS,X001PQP7KJ,TUBOPLUS - Druckbehälter für Padel- und Tennisbälle | TUBOX4 Crystal (ohne Pumpe) | Kompressor für Bälle | unverzichtbares Zubehör,1,BTS2,DEFECTIVE,DEFECTIVE,Unit returned to inventory,LPNHE955663650,Ich habe es wie die Videos/anleitungen sagen befolgt... keine Veränderung in den Bällen... Eher Druck verloren...,10,6,2025,Tuesday,Mañana (6-12h),False
2025-06-10 08:46:33+00:00,405-3905183-1805107,TUBOX4-CRY-SB,B0BTDS4GYS,X001PQP7KJ,TUBOPLUS - Bote presurizador para Pelotas de pádel y Tenis | TUBOX4 Crystal (SIN Bomba) | Compresor para Pelotas | Accesorios indispensables,1,BTS2,SELLABLE,NO_REASON_GIVEN,Unit returned to inventory,LPNWE305210740,No es lo que esperaba.,10,6,2025,Tuesday,Mañana (6-12h),False
2025-06-10 06:12:32+00:00,402-2289344-0178713,TUBOX3-WHI,B0BTDTVCG2,X001PQP7JP,Tubo Plus X3 - Presurizador de Pelotas de Pádel y Tenis | Bote Hermético para Mantener la Presión y Recuperar el Rebote | Capacidad para 3 Pelotas | No Incluye Inflador de Aire - Color Blanco,1,ORY1,SELLABLE,UNDELIVERABLE_UNKNOWN,Unit returned to inventory,LPNIC128997018,Sin comentarios,10,6,2025,Tuesday,Madrugada (0-6h),False
2025-06-10 02:38:04+00:00,306-6770423-3162733,TUBOX4-CRY-SB,B0BTDS4GYS,X001PQP7KJ,TUBOPLUS - Druckbehälter für Padel- und Tennisbälle | TUBOX4 Crystal (ohne Pumpe) | Kompressor für Bälle | unverzichtbares Zubehör,1,LCJ4,SELLABLE,DEFECTIVE,Unit returned to inventory,LPNHK410278497,"lässt sich nicht gut abdichten, der Dichtungsring müsste fest eingesetzt sein",10,6,2025,Tuesday,Madrugada (0-6h),False
2025-06-10 02:36:39+00:00,306-6770423-3162733,TUBOX4-CRY-SB,B0BTDS4GYS,X001PQP7KJ,TUBOPLUS - Druckbehälter für Padel- und Tennisbälle | TUBOX4 Crystal (ohne Pumpe) | Kompressor für Bälle | unverzichtbares Zubehör,1,LCJ4,CUSTOMER_DAMAGED,DEFECTIVE,Unit returned to inventory,LPNHK410051686,Sin comentarios,10,6,2025,Tuesday,Madrugada (0-6h),False
2025-06-10 00:31:01+00:00,403-6995397-3127558,TUBOX4-CRY-SB,B0BTDS4GYS,X001PQP7KJ,TUBOPLUS - Bote presurizador para Pelotas de pádel y Tenis | TUBOX4 Crystal (SIN Bomba) | Compresor para Pelotas | Accesorios indispensables,1,BTS2,DEFECTIVE,DEFECTIVE,Unit returned to inventory,LPNRP044650815,"lo he probado y va perdiendo presión por días. Lo dejo en 25kg de presión y a los 5 días está por debajo de 10. Una lástima, pero con esa pérdida de presión el producto no sirve",10,6,2025,Tuesday,Madrugada (0-6h),False
2025-06-09 18:41:00+00:00,402-1819158-4434751,4R-VSV0-WZ9Z,B0D87X42RN,X00231GYQL,TUBOPLUS X3 - Presurizador de Pelotas de Pádel y Tenis | Bote Hermético para Mantener la Presión y Recuperar el Rebote | Capacidad para 3 Pelotas | No Incluye Inflador de Aire - Color Dorado,1,MAD4,CUSTOMER_DAMAGED,NO_REASON_GIVEN,Unit returned to inventory,LPNRP044515611,Sin comentarios,9,6,2025,Monday,Tarde (12-18h),False
2025-06-06 06:23:50+00:00,407-2309147-2138750,UG-965T-RORR,B07ZTHSVCK,X0013ZBBK7,TUBOPLUS - TuboX4 Crystal + Bomba con Manómetro - Presurizador de Pelotas de Tenis y Padel,1,WRO1,SELLABLE,ORDERED_WRONG_ITEM,Unit returned to inventory,LPNWE315913403,Sin comentarios,6,6,2025,Friday,Madrugada (0-6h),False
2025-06-04 10:04:16+00:00,171-4550730-0945124,UG-965T-RORR,B07ZTHSVCK,X0013ZBBK7,PRESSURIZZATORE TUBOX4 Crystal con Pompa con MANOMETRO BETO per Tutte Le Barche con 3 O 4 Palline da Tennis E Padel.,1,MXP5,SELLABLE,NEVER_ARRIVED,Unit returned to inventory,LPNHE893079618,Sin comentarios,4,6,2025,Wednesday,Mañana (6-12h),False
2025-06-03 01:22:59+00:00,304-6030870-8097131,TUBOX4-CRY-SB,B0BTDS4GYS,X001PQP7KJ,TUBOPLUS - Druckbehälter für Padel- und Tennisbälle | TUBOX4 Crystal (ohne Pumpe) | Kompressor für Bälle | unverzichtbares Zubehör,1,BTS2,CUSTOMER_DAMAGED,UNWANTED_ITEM,Unit returned to inventory,LPNRP044271871,Sin comentarios,3,6,2025,Tuesday,Madrugada (0-6h),False
2025-06-02 23:06:35+00:00,402-2079237-8176332,4R-VSV0-WZ9Z,B0D87X42RN,X00231GYQL,TUBOPLUS X3 - Presurizador de Pelotas de Pádel y Tenis | Bote Hermético para Mantener la Presión y Recuperar el Rebote | Capacidad para 3 Pelotas | No Incluye Inflador de Aire - Color Dorado,1,MAD4,SELLABLE,UNDELIVERABLE_UNKNOWN,Unit returned to inventory,LPNWE312067094,Sin comentarios,2,6,2025,Monday,Noche (18-24h),False
2025-06-01 06:23:34+00:00,306-9223559-0524344,TUBOX4-CRY-SB,B0BTDS4GYS,X001PQP7KJ,TUBOPLUS - Druckbehälter für Padel- und Tennisbälle | TUBOX4 Crystal (ohne Pumpe) | Kompressor für Bälle | unverzichtbares Zubehör,1,PRG2,SELLABLE,UNDELIVERABLE_UNKNOWN,Unit returned to inventory,LPNHE933049705,Sin comentarios,1,6,2025,Sunday,Madrugada (0-6h),True
2025-05-30 22:51:40+00:00,405-5790087-5333154,TUBOX4-CRY-SB,B0BTDS4GYS,X001PQP7KJ,TUBOPLUS - Bote presurizador para Pelotas de pádel y Tenis | TUBOX4 Crystal (SIN Bomba) | Compresor para Pelotas | Accesorios indispensables,1,WRO1,CARRIER_DAMAGED,DAMAGED_BY_CARRIER,Reimbursed,LPNWE306253783,Sin comentarios,30,5,2025,Friday,Noche (18-24h),False
2025-05-30 12:43:51+00:00,403-3940276-9649966,UG-965T-RORR,B07ZTHSVCK,X0013ZBBK7,PRESSURIZZATORE TUBOX4 Crystal con Pompa con MANOMETRO BETO per Tutte Le Barche con 3 O 4 Palline da Tennis E Padel.,1,MXP5,DEFECTIVE,DEFECTIVE,Unit returned to inventory,LPNRP050634984,non mantiene la pressione,30,5,2025,Friday,Mañana (6-12h),False
2025-05-30 04:44:49+00:00,407-0941064-3876354,UG-965T-RORR,B07ZTHSVCK,X0013ZBBK7,TUBOPLUS - TuboX4 Crystal + Bomba con Manómetro - Presurizador de Pelotas de Tenis y Padel,1,WRO1,DEFECTIVE,DEFECTIVE,Unit returned to inventory,LPNHK347786166,La bomba de insuflar presión o no funciona o cuesta demasiado ejercer la presión.,30,5,2025,Friday,Madrugada (0-6h),False
2025-05-29 19:28:11+00:00,407-7481435-0275521,TUBOX4-CRY-SB,B0BTDS4GYS,X001PQP7KJ,TUBOPLUS - Tryckbåt för paddel och tennisbollar | TUBOX4 Crystal (INGEN pump) | Kompressor för bollar | Oumbärliga tillbehör,1,BTS2,SELLABLE,NO_REASON_GIVEN,Unit returned to inventory,LPNHE952863707,Sin comentarios,29,5,2025,Thursday,Noche (18-24h),False
2025-05-29 19:01:17+00:00,406-4799385-3413967,TUBOX4-CRY-SB,B0BTDS4GYS,X001PQP7KJ,TUBOPLUS - Bote presurizador para Pelotas de pádel y Tenis | TUBOX4 Crystal (SIN Bomba) | Compresor para Pelotas | Accesorios indispensables,1,BTS2,SELLABLE,NOT_AS_DESCRIBED,Unit returned to inventory,LPNWE310316926,Viene sin bomba,29,5,2025,Thursday,Noche (18-24h),False
2025-05-29 10:36:05+00:00,305-8840288-1573918,TUBOX4-CRY-SB,B0BTDS4GYS,X001PQP7KJ,TUBOPLUS - Druckbehälter für Padel- und Tennisbälle | TUBOX4 Crystal (ohne Pumpe) | Kompressor für Bälle | unverzichtbares Zubehör,1,BTS2,CUSTOMER_DAMAGED,NO_REASON_GIVEN,Unit returned to inventory,LPNRP035402869,Sin comentarios,29,5,2025,Thursday,Mañana (6-12h),False
2025-05-29 00:12:12+00:00,305-8552735-7629101,TUBOX4-CRY-SB,B0BTDS4GYS,X001PQP7KJ,TUBOPLUS - Druckbehälter für Padel- und Tennisbälle | TUBOX4 Crystal (ohne Pumpe) | Kompressor für Bälle | unverzichtbares Zubehör,1,BTS2,CUSTOMER_DAMAGED,UNWANTED_ITEM,Unit returned to inventory,LPNRP047847672,Sin comentarios,29,5,2025,Thursday,Madrugada (0-6h),False
2025-05-28 16:48:39+00:00,407-5303561-0097921,4R-VSV0-WZ9Z,B0D87X42RN,X00231GYQL,TUBOPLUS X3 - Presurizador de Pelotas de Pádel y Tenis | Bote Hermético para Mantener la Presión y Recuperar el Rebote | Capacidad para 3 Pelotas | No Incluye Inflador de Aire - Color Dorado,1,MAD4,SELLABLE,NEVER_ARRIVED,Unit returned to inventory,LPNWE312303960,Sin comentarios,28,5,2025,Wednesday,Tarde (12-18h),False
2025-05-28 16:34:49+00:00,404-6209694-5709915,UG-965T-RORR,B07ZTHSVCK,X0013ZBBK7,TUBOPLUS - TuboX4 Crystal + Bomba con Manómetro - Presurizador de Pelotas de Tenis y Padel,1,MAD4,SELLABLE,UNDELIVERABLE_UNKNOWN,Unit returned to inventory,LPNWE312303988,Sin comentarios,28,5,2025,Wednesday,Tarde (12-18h),False
2025-05-28 14:05:22+00:00,403-0728849-5567507,MD-R60M-OYR1,B0786KK4TG,X002326XGB,Tubo Plus X3 - Presurizador de Pelotas de Pádel y Tenis | Bote Hermético para Mantener la Presión y Recuperar el Rebote | Capacidad para 3 Pelotas | No Incluye Inflador de Aire - Color Azul,1,MAD4,CUSTOMER_DAMAGED,DEFECTIVE,Unit returned to inventory,LPNWE306797441,Sin comentarios,28,5,2025,Wednesday,Tarde (12-18h),False
2025-05-28 00:28:59+00:00,406-4877115-6475557,UG-965T-RORR,B07ZTHSVCK,X0013ZBBK7,TUBOPLUS - TuboX4 Crystal + Bomba con Manómetro - Presurizador de Pelotas de Tenis y Padel,1,WRO1,DEFECTIVE,DEFECTIVE,Unit returned to inventory,LPNRP044520257,Pierde la presión del aire,28,5,2025,Wednesday,Madrugada (0-6h),False
2025-05-26 22:58:04+00:00,306-6770423-3162733,TUBOX4-CRY-SB,B0BTDS4GYS,X001PQP7KJ,TUBOPLUS - Druckbehälter für Padel- und Tennisbälle | TUBOX4 Crystal (ohne Pumpe) | Kompressor für Bälle | unverzichtbares Zubehör,1,BTS2,DEFECTIVE,DEFECTIVE,Unit returned to inventory,LPNRP050777079,"lässt sich nicht gut abdichten, der Dichtungsring müsste fest eingesetzt sein",26,5,2025,Monday,Noche (18-24h),False
2025-05-26 05:36:49+00:00,306-4886113-8404350,TUBOX4-CRY-SB,B0BTDS4GYS,X001PQP7KJ,TUBOPLUS - Druckbehälter für Padel- und Tennisbälle | TUBOX4 Crystal (ohne Pumpe) | Kompressor für Bälle | unverzichtbares Zubehör,1,LCJ4,SELLABLE,UNWANTED_ITEM,Unit returned to inventory,LPNHK398333764,Z,26,5,2025,Monday,Madrugada (0-6h),False
2025-05-26 02:59:47+00:00,403-0810435-2033948,MD-R60M-OYR1,B0786KK4TG,X002326XGB,"TUBOPLUS C1-O2UC-HPCJ Pressuriseur de Balles pour Tennis et Padel Adulte Unisexe, Bleu, 4 Boules",1,MAD4,SELLABLE,NO_REASON_GIVEN,Unit returned to inventory,LPNWE290966380,Sin comentarios,26,5,2025,Monday,Madrugada (0-6h),False
2025-05-25 13:16:15+00:00,406-3284089-3384363,TUBOX4-CRY-SB,B0BTDS4GYS,X001PQP7KJ,TUBOPLUS - Bote presurizador para Pelotas de pádel y Tenis | TUBOX4 Crystal (SIN Bomba) | Compresor para Pelotas | Accesorios indispensables,1,MAD4,SELLABLE,ORDERED_WRONG_ITEM,Unit returned to inventory,LPNWE315387182,"No leí bien que no trai la bomba , ya que me guíe solo por las imagines",25,5,2025,Sunday,Tarde (12-18h),True
2025-05-25 07:19:34+00:00,171-9196981-5839519,MD-R60M-OYR1,B0786KK4TG,X002326XGB,"TUBOPLUS C1-O2UC-HPCJ Pressuriseur de Balles pour Tennis et Padel Adulte Unisexe, Bleu, 4 Boules",1,BTS2,SELLABLE,ORDERED_WRONG_ITEM,Unit returned to inventory,LPNHE951082198,Sin comentarios,25,5,2025,Sunday,Mañana (6-12h),True
2025-05-21 20:31:50+00:00,404-6153083-8096341,TUBOX4-CRY-SB,B0BTDS4GYS,X001PQP7KJ,TUBOPLUS - Bote presurizador para Pelotas de pádel y Tenis | TUBOX4 Crystal (SIN Bomba) | Compresor para Pelotas | Accesorios indispensables,1,MAD4,SELLABLE,ORDERED_WRONG_ITEM,Unit returned to inventory,LPNWE310080678,"Me han mandado ya tres de estos, yo solo compré uno y siguen enviándome",21,5,2025,Wednesday,Noche (18-24h),False
2025-05-21 12:49:10+00:00,404-5351753-3881927,MD-R60M-OYR1,B0786KK4TG,X002326XGB,"TUBOPLUS C1-O2UC-HPCJ Pressuriseur de Balles pour Tennis et Padel Adulte Unisexe, Bleu, 4 Boules",1,BTS2,SELLABLE,NOT_AS_DESCRIBED,Unit returned to inventory,LPNHE950835269,Pressuriseur pour 4 balles dans la description alors qu’il ne peut contenir que 3 balles c’est pour cela que je le revois . Cordialement.,21,5,2025,Wednesday,Mañana (6-12h),False
2025-05-21 01:21:23+00:00,028-0363728-9588332,TUBOX4-CRY-SB,B0BTDS4GYS,X001PQP7KJ,TUBOPLUS - Druckbehälter für Padel- und Tennisbälle | TUBOX4 Crystal (ohne Pumpe) | Kompressor für Bälle | unverzichtbares Zubehör,1,LCJ4,CUSTOMER_DAMAGED,NO_REASON_GIVEN,Unit returned to inventory,LPNRP038792690,Sin comentarios,21,5,2025,Wednesday,Madrugada (0-6h),False
2025-05-20 19:55:46+00:00,407-9637002-5445927,TUBOX4-CRY-SB,B0BTDS4GYS,X001PQP7KJ,TUBOPLUS - Bote presurizador para Pelotas de pádel y Tenis | TUBOX4 Crystal (SIN Bomba) | Compresor para Pelotas | Accesorios indispensables,1,WRO1,CUSTOMER_DAMAGED,ORDERED_WRONG_ITEM,Unit returned to inventory,LPNRP050717553,Sin comentarios,20,5,2025,Tuesday,Noche (18-24h),False
2025-05-20 11:58:05+00:00,405-8195324-3924308,84-F0A5-X7S1,B07ZTHSVCK,X001T0EPOZ,PRESSURISEUR TUBOX4 Crystal avec Pompe MANOMETRE BETO pour Tous Les Bateaux avec 3 OU 4 Tennis ET BALLES DE Padel.,1,MAD4,SELLABLE,UNDELIVERABLE_UNKNOWN,Unit returned to inventory,LPNWE306521300,Sin comentarios,20,5,2025,Tuesday,Mañana (6-12h),False
2025-05-20 04:41:07+00:00,305-3205411-9126734,TUBOX4-CRY-SB,B0BTDS4GYS,X001PQP7KJ,TUBOPLUS - Druckbehälter für Padel- und Tennisbälle | TUBOX4 Crystal (ohne Pumpe) | Kompressor für Bälle | unverzichtbares Zubehör,1,LCJ4,DEFECTIVE,DEFECTIVE,Unit returned to inventory,LPNHK400955991,"Obwohl alles beachtet, dichtung kontrolliert, gut verschlossen, verliert der Behälter nach wenigen Stunden den Druck und ist somit absolut UNBRAUCHBAR",20,5,2025,Tuesday,Madrugada (0-6h),False
2025-05-19 16:49:11+00:00,403-0372537-2905961,UG-965T-RORR,B07ZTHSVCK,X0013ZBBK7,TUBOPLUS - TuboX4 Crystal + Bomba con Manómetro - Presurizador de Pelotas de Tenis y Padel,1,WRO1,DEFECTIVE,DEFECTIVE,Unit returned to inventory,LPNRP040684059,El producto pierde presión. Producto defectuoso,19,5,2025,Monday,Tarde (12-18h),False
2025-05-15 15:03:33+00:00,408-4338485-8719548,TUBOX3-WHI,B0BTDTVCG2,X001PQP7JP,TUBOPLUS TuboX3 Pressurisateur de balles de tennis et padel Blanc,1,BTS2,SELLABLE,NO_REASON_GIVEN,Unit returned to inventory,LPNRP043485910,Sin comentarios,15,5,2025,Thursday,Tarde (12-18h),False
2025-05-15 12:33:24+00:00,402-4193822-3584320,4R-VSV0-WZ9Z,B0D87X42RN,X00231GYQL,TUBOPLUS X3 - Presurizador de Pelotas de Pádel y Tenis | Bote Hermético para Mantener la Presión y Recuperar el Rebote | Capacidad para 3 Pelotas | No Incluye Inflador de Aire - Color Dorado,1,WRO1,SELLABLE,NOT_AS_DESCRIBED,Unit returned to inventory,LPNWE310549481,Color,15,5,2025,Thursday,Mañana (6-12h),False
2025-05-15 01:31:43+00:00,302-2906984-1724353,TUBOX4-CRY-SB,B0BTDS4GYS,X001PQP7KJ,TUBOPLUS - Druckbehälter für Padel- und Tennisbälle | TUBOX4 Crystal (ohne Pumpe) | Kompressor für Bälle | unverzichtbares Zubehör,1,LCJ4,DEFECTIVE,DEFECTIVE,Unit returned to inventory,LPNRP050541557,Druckbehälter hält nicht dicht. Mehrmals probiert - auch über Nacht stehen lassen. Verliert immer den Druck.,15,5,2025,Thursday,Madrugada (0-6h),False
2025-05-11 14:30:53+00:00,171-9682996-8589164,MD-R60M-OYR1,B0786KK4TG,X002326XGB,Tubo Plus X3 - Presurizador de Pelotas de Pádel y Tenis | Bote Hermético para Mantener la Presión y Recuperar el Rebote | Capacidad para 3 Pelotas | No Incluye Inflador de Aire - Color Azul,1,MAD4,CUSTOMER_DAMAGED,UNWANTED_ITEM,Unit returned to inventory,LPNRP044654520,Sin comentarios,11,5,2025,Sunday,Tarde (12-18h),True
2025-05-10 01:07:22+00:00,404-5745418-5764336,MD-R60M-OYR1,B0786KK4TG,X002326XGB,Tubo Plus X3 - Presurizador de Pelotas de Pádel y Tenis | Bote Hermético para Mantener la Presión y Recuperar el Rebote | Capacidad para 3 Pelotas | No Incluye Inflador de Aire - Color Azul,1,BTS2,SELLABLE,NO_REASON_GIVEN,Unit returned to inventory,LPNWE306841327,Me han hablado de que no es bueno,10,5,2025,Saturday,Madrugada (0-6h),True
2025-05-08 00:42:23+00:00,408-3682165-6636356,TUBOX3-WHI,B0BTDTVCG2,X001PQP7JP,TUBOPLUS TuboX3 Pressurisateur de balles de tennis et padel Blanc,1,BTS2,CUSTOMER_DAMAGED,DEFECTIVE,Unit returned to inventory,LPNHE945989337,Sin comentarios,8,5,2025,Thursday,Madrugada (0-6h),False
2025-05-07 06:54:55+00:00,405-8586509-0861910,UG-965T-RORR,B07ZTHSVCK,X0013ZBBK7,TUBOPLUS - TuboX4 Crystal + Bomba con Manómetro - Presurizador de Pelotas de Tenis y Padel,1,MAD4,SELLABLE,NEVER_ARRIVED,Unit returned to inventory,LPNWE268288443,Sin comentarios,7,5,2025,Wednesday,Madrugada (0-6h),False
2025-05-05 09:16:50+00:00,305-4511231-7254730,TUBOX4-CRY-SB,B0BTDS4GYS,X001PQP7KJ,TUBOPLUS - Druckbehälter für Padel- und Tennisbälle | TUBOX4 Crystal (ohne Pumpe) | Kompressor für Bälle | unverzichtbares Zubehör,1,BTS2,CUSTOMER_DAMAGED,DEFECTIVE,Unit returned to inventory,LPNRP044327984,Sin comentarios,5,5,2025,Monday,Mañana (6-12h),False
2025-05-04 07:22:48+00:00,406-9686148-9346703,UG-965T-RORR,B07ZTHSVCK,X0013ZBBK7,PRESSURISEUR TUBOX4 Crystal avec Pompe MANOMETRE BETO pour Tous Les Bateaux avec 3 OU 4 Tennis ET BALLES DE Padel.,1,BTS2,SELLABLE,MISSED_ESTIMATED_DELIVERY,Unit returned to inventory,LPNHE946765443,Colis déposé dans la mauvaise boîte aux lettre par le transporteur mais retrouvé quelques jours plus tard ́mais après un départ à l&#39;étranger. Je ne peux donc pas utiliser le produit,4,5,2025,Sunday,Mañana (6-12h),True
2025-04-30 10:14:39+00:00,303-2314133-8316348,IB-IKLG-TV8H,B0183RZ2VI,X000GERVU5,TUBOPLUS Behälter Steht unter Druck (BLAU) Tennis/Padel,1,LCJ4,CUSTOMER_DAMAGED,NO_REASON_GIVEN,Unit returned to inventory,LPNHK354859554,Sin comentarios,30,4,2025,Wednesday,Mañana (6-12h),False
2025-04-30 09:52:37+00:00,403-6573098-3445926,TUBOX4-CRY-SB,B0BTDS4GYS,X001PQP7KJ,TUBOPLUS - Bote presurizador para Pelotas de pádel y Tenis | TUBOX4 Crystal (SIN Bomba) | Compresor para Pelotas | Accesorios indispensables,1,MAD4,SELLABLE,UNDELIVERABLE_UNKNOWN,Unit returned to inventory,LPNWE311421660,Sin comentarios,30,4,2025,Wednesday,Mañana (6-12h),False
2025-04-30 01:19:15+00:00,406-8667865-7517913,UG-965T-RORR,B07ZTHSVCK,X0013ZBBK7,PRESSURIZZATORE TUBOX4 Crystal con Pompa con MANOMETRO BETO per Tutte Le Barche con 3 O 4 Palline da Tennis E Padel.,1,BTS2,DEFECTIVE,DEFECTIVE,Unit returned to inventory,LPNRP038760272,La pompa non funziona . Non apre la valvola ed impedisce l’entrata dell’aria nel tubo,30,4,2025,Wednesday,Madrugada (0-6h),False
2025-04-29 20:40:43+00:00,408-3352422-8092309,MD-R60M-OYR1,B0786KK4TG,X002326XGB,TuboPlus- TUBOX3 BLU 2020 Pallina da tennis e paddle Pressurizer Bottle - Salva le palle da un tubo !! - Più vita per le tue palle - Made in Zaragoza -Spain -,1,BTS2,SELLABLE,UNWANTED_ITEM,Unit returned to inventory,LPNHE910958262,Regalo errato,29,4,2025,Tuesday,Noche (18-24h),False
2025-04-29 19:48:36+00:00,406-8088043-3085167,UG-965T-RORR,B07ZTHSVCK,X0013ZBBK7,TUBOPLUS - TuboX4 Crystal + Bomba con Manómetro - Presurizador de Pelotas de Tenis y Padel,1,MAD4,SELLABLE,UNDELIVERABLE_UNKNOWN,Unit returned to inventory,LPNWE316594181,Sin comentarios,29,4,2025,Tuesday,Noche (18-24h),False
2025-04-29 13:33:16+00:00,171-5225562-9097952,IB-IKLG-TV8H,B0183RZ2VI,X000GERVU5,TuboPlus- TUBOX3 Orange 2020 Pallina da Tennis e Paddle Bottle Pressurizer Bottle - Salva Le Palle per Un Tubo !! - più Vita per Le tue Palle - Made in Zaragoza -Spain -,1,MXP5,DEFECTIVE,DEFECTIVE,Unit returned to inventory,LPNRP038765672,non funziona come descritto...forse perchè non chiude proprio ermeticamente,29,4,2025,Tuesday,Tarde (12-18h),False
2025-04-29 08:51:52+00:00,303-6527637-8929145,TUBOX4-CRY-SB,B0BTDS4GYS,X001PQP7KJ,TUBOPLUS - Druckbehälter für Padel- und Tennisbälle | TUBOX4 Crystal (ohne Pumpe) | Kompressor für Bälle | unverzichtbares Zubehör,1,LCJ4,CUSTOMER_DAMAGED,NO_REASON_GIVEN,Unit returned to inventory,LPNHK390853924,Sin comentarios,29,4,2025,Tuesday,Mañana (6-12h),False
2025-04-27 18:33:09+00:00,404-0852299-0733902,TUBOX4-CRY-SB,B0BTDS4GYS,X001PQP7KJ,TUBOPLUS - Bote presurizador para Pelotas de pádel y Tenis | TUBOX4 Crystal (SIN Bomba) | Compresor para Pelotas | Accesorios indispensables,1,MAD4,SELLABLE,ORDERED_WRONG_ITEM,Unit returned to inventory,LPNWE310316926,Sin comentarios,27,4,2025,Sunday,Tarde (12-18h),True
2025-04-27 14:02:41+00:00,403-0188155-6037919,29PSIX3_SB,B0F1F4FM85,X0029D0DRJ,TUBOPLUS 29PSI X3e - Presurizador de Pelotas de Pádel y Tenis | Capacidad para 3 Pelotas | Bote Hermético | Requiere Bomba de Aire (No Incluida),1,MAD4,CUSTOMER_DAMAGED,UNWANTED_ITEM,Unit returned to inventory,LPNRP040449566,Sin comentarios,27,4,2025,Sunday,Tarde (12-18h),True
2025-04-25 14:34:08+00:00,404-9158334-2275504,MD-R60M-OYR1,B0786KK4TG,X002326XGB,"TUBOPLUS TuboX3 - Pressurizzatore a Sfera per Tennis e Paddle, Blu",1,BTS2,SELLABLE,UNWANTED_ITEM,Unit returned to inventory,LPNHE899328931,Non più necessario,25,4,2025,Friday,Tarde (12-18h),False
2025-04-24 15:57:00+00:00,405-0313456-8201970,TUBOX4-CRY-SB,B0BTDS4GYS,X001PQP7KJ,TUBOPLUS - Bote presurizador para Pelotas de pádel y Tenis | TUBOX4 Crystal (SIN Bomba) | Compresor para Pelotas | Accesorios indispensables,1,MAD4,SELLABLE,ORDERED_WRONG_ITEM,Unit returned to inventory,LPNWE306072539,"Ya recibí uno de estos hace un mes , este yo no lo he pedido , y si lo he pedido ha sido por error , gracias",24,4,2025,Thursday,Tarde (12-18h),False
2025-04-24 06:46:27+00:00,405-3782768-3037919,UG-965T-RORR,B07ZTHSVCK,X0013ZBBK7,TUBOPLUS - TuboX4 Crystal + Bomba con Manómetro - Presurizador de Pelotas de Tenis y Padel,1,MAD4,SELLABLE,ORDERED_WRONG_ITEM,Unit returned to inventory,LPNWE311485440,error de compra en descripcion producto,24,4,2025,Thursday,Madrugada (0-6h),False
2025-04-23 18:47:13+00:00,403-4656326-7086745,UG-965T-RORR,B07ZTHSVCK,X0013ZBBK7,TUBOPLUS - TuboX4 Crystal + Bomba con Manómetro - Presurizador de Pelotas de Tenis y Padel,1,WRO1,SELLABLE,ORDERED_WRONG_ITEM,Unit returned to inventory,LPNWE288374563,Solo necesitaba uno y he comprado 2,23,4,2025,Wednesday,Tarde (12-18h),False
2025-04-23 12:17:15+00:00,408-0975098-5420303,TUBOX3-WHI,B0BTDTVCG2,X001PQP7JP,TUBOPLUS TuboX3 Color Presurizador de Pelotas de Tenis y Padel | Color Blanco,1,MAD4,SELLABLE,UNDELIVERABLE_UNKNOWN,Unit returned to inventory,LPNWE309952489,Sin comentarios,23,4,2025,Wednesday,Mañana (6-12h),False
2025-04-23 00:59:22+00:00,406-4821170-8809132,MD-R60M-OYR1,B0786KK4TG,X002326XGB,Tubo Plus X3 - Presurizador de Pelotas de Pádel y Tenis | Bote Hermético para Mantener la Presión y Recuperar el Rebote | Capacidad para 3 Pelotas | No Incluye Inflador de Aire - Color Azul,1,WRO1,SELLABLE,NO_REASON_GIVEN,Unit returned to inventory,LPNHK348557558,Sin comentarios,23,4,2025,Wednesday,Madrugada (0-6h),False
2025-04-23 00:54:26+00:00,305-7949531-7784345,TUBOX4-CRY-SB,B0BTDS4GYS,X001PQP7KJ,TUBOPLUS - Druckbehälter für Padel- und Tennisbälle | TUBOX4 Crystal (ohne Pumpe) | Kompressor für Bälle | unverzichtbares Zubehör,1,LCJ4,SELLABLE,ORDERED_WRONG_ITEM,Unit returned to inventory,LPNHK390800465,Sin comentarios,23,4,2025,Wednesday,Madrugada (0-6h),False
2025-04-22 13:34:50+00:00,404-4108312-2137130,MD-R60M-OYR1,B0786KK4TG,X002326XGB,TuboX3 Color | TuboPlus - Presurizador de Pelotas de Tenis y Padel | Color Azul,1,MAD4,SELLABLE,DEFECTIVE,Unit returned to inventory,LPNRP040361720,Sin comentarios,22,4,2025,Tuesday,Tarde (12-18h),False
2025-04-22 10:55:24+00:00,302-5573783-0949908,TUBOX4-CRY-SB,B0BTDS4GYS,X001PQP7KJ,TUBOPLUS - Druckbehälter für Padel- und Tennisbälle | TUBOX4 Crystal (ohne Pumpe) | Kompressor für Bälle | unverzichtbares Zubehör,1,LCJ4,SELLABLE,DEFECTIVE,Unit returned to inventory,LPNRP039705743,Tennisbälle bleiben platt,22,4,2025,Tuesday,Mañana (6-12h),False
2025-04-21 23:31:18+00:00,406-3236096-9487511,TUBOX4-CRY-SB,B0BTDS4GYS,X001PQP7KJ,TUBOPLUS - Bote presurizador para Pelotas de pádel y Tenis | TUBOX4 Crystal (SIN Bomba) | Compresor para Pelotas | Accesorios indispensables,1,MAD4,CUSTOMER_DAMAGED,ORDERED_WRONG_ITEM,Unit returned to inventory,LPNWE306545933,Sin comentarios,21,4,2025,Monday,Noche (18-24h),False
2025-04-21 04:52:55+00:00,408-4129490-6060308,TUBOX3-WHI,B0BTDTVCG2,X001PQP7JP,TUBOPLUS TuboX3 Color Presurizador de Pelotas de Tenis y Padel | Color Blanco,1,MAD4,SELLABLE,UNDELIVERABLE_UNKNOWN,Reimbursed,LPNWE309653449,Sin comentarios,21,4,2025,Monday,Madrugada (0-6h),False
2025-04-17 20:04:11+00:00,407-8023375-2937954,UG-965T-RORR,B07ZTHSVCK,X0013ZBBK7,PRESSURISEUR TUBOX4 Crystal avec Pompe MANOMETRE BETO pour Tous Les Bateaux avec 3 OU 4 Tennis ET BALLES DE Padel.,1,BTS2,DEFECTIVE,DEFECTIVE,Unit returned to inventory,LPNRP035676052,Sin comentarios,17,4,2025,Thursday,Noche (18-24h),False
2025-04-17 12:24:53+00:00,171-9859894-7485107,UG-965T-RORR,B07ZTHSVCK,X0013ZBBK7,PRESSURIZZATORE TUBOX4 Crystal con Pompa con MANOMETRO BETO per Tutte Le Barche con 3 O 4 Palline da Tennis E Padel.,1,MXP5,DEFECTIVE,DEFECTIVE,Unit returned to inventory,LPNRP046758536,Non mantiene la pressione,17,4,2025,Thursday,Mañana (6-12h),False
2025-04-17 10:08:54+00:00,407-2957345-8941152,TUBOX4-CRY-SB,B0BTDS4GYS,X001PQP7KJ,"TUBOPLUS - Drukhouder voor padel- en tennisballen, TUBOX4 Crystal (zonder pomp), compressor voor ballen, onmisbare accessoires",1,BTS2,SELLABLE,UNWANTED_ITEM,Unit returned to inventory,LPNHE713923331,Per ongeluk het zelfde kado twee keer gevraagd voor verjaardag. Excuus!,17,4,2025,Thursday,Mañana (6-12h),False
2025-04-16 13:34:11+00:00,403-2773380-0728369,84-F0A5-X7S1,B07ZTHSVCK,X001T0EPOZ,PRESSURIZZATORE TUBOX4 Crystal con Pompa con MANOMETRO BETO per Tutte Le Barche con 3 O 4 Palline da Tennis E Padel.,1,MXP5,CUSTOMER_DAMAGED,DEFECTIVE,Unit returned to inventory,LPNRP037487899,Sin comentarios,16,4,2025,Wednesday,Tarde (12-18h),False
2025-04-15 05:51:44+00:00,403-7758533-9273918,UG-965T-RORR,B07ZTHSVCK,X0013ZBBK7,TUBOPLUS - TuboX4 Crystal + Bomba con Manómetro - Presurizador de Pelotas de Tenis y Padel,1,MAD4,DEFECTIVE,DEFECTIVE,Unit returned to inventory,LPNRP038783481,La pestaña de cierre de la bomba se ha roto al primer uso,15,4,2025,Tuesday,Madrugada (0-6h),False
2025-04-14 22:39:58+00:00,406-9463014-9045109,TUBOX4-CRY-SB,B0BTDS4GYS,X001PQP7KJ,TUBOPLUS - Bote presurizador para Pelotas de pádel y Tenis | TUBOX4 Crystal (SIN Bomba) | Compresor para Pelotas | Accesorios indispensables,1,MAD4,DEFECTIVE,DEFECTIVE,Unit returned to inventory,LPNRP040965912,Pierde aire y no presuriza las bolas,14,4,2025,Monday,Noche (18-24h),False
2025-04-11 12:20:50+00:00,408-1941956-0712355,MD-R60M-OYR1,B0786KK4TG,X002326XGB,TuboPlus- TUBOX3 BLU 2020 Pallina da tennis e paddle Pressurizer Bottle - Salva le palle da un tubo !! - Più vita per le tue palle - Made in Zaragoza -Spain -,1,MXP5,SELLABLE,FOUND_BETTER_PRICE,Unit returned to inventory,LPNHE865426849,Decathlon aveva l&#39;offerta migliore,11,4,2025,Friday,Mañana (6-12h),False
2025-04-11 11:43:08+00:00,408-1941956-0712355,MD-R60M-OYR1,B0786KK4TG,X002326XGB,TuboPlus- TUBOX3 BLU 2020 Pallina da tennis e paddle Pressurizer Bottle - Salva le palle da un tubo !! - Più vita per le tue palle - Made in Zaragoza -Spain -,1,MXP5,SELLABLE,FOUND_BETTER_PRICE,Unit returned to inventory,LPNHE865426850,Decathlon aveva l&#39;offerta migliore,11,4,2025,Friday,Mañana (6-12h),False
2025-04-11 05:20:20+00:00,408-1664122-7896308,84-F0A5-X7S1,B07ZTHSVCK,X001T0EPOZ,TUBOPLUS - TuboX4 Crystal + Bomba con Manómetro - Presurizador de Pelotas de Tenis y Padel,1,MAD4,CUSTOMER_DAMAGED,NO_REASON_GIVEN,Unit returned to inventory,LPNRP041087123,Sin comentarios,11,4,2025,Friday,Madrugada (0-6h),False
2025-04-10 17:48:40+00:00,405-6961480-4784361,UG-965T-RORR,B07ZTHSVCK,X0013ZBBK7,PRESSURIZZATORE TUBOX4 Crystal con Pompa con MANOMETRO BETO per Tutte Le Barche con 3 O 4 Palline da Tennis E Padel.,1,MXP5,DEFECTIVE,DEFECTIVE,Unit returned to inventory,LPNHE865528656,Articolo difettoso,10,4,2025,Thursday,Tarde (12-18h),False
2025-04-09 11:07:29+00:00,402-6588631-0239539,MD-R60M-OYR1,B0786KK4TG,X002326XGB,TuboPlus - TUBOX3 Blue 2020 Bouteille de Tennis et Bouteille de pressuriseur à Palette - Économisez des balles par Un Tube !! - Plus de Vie pour Vos balles - Fabriqué à Zaragoza - Espagne,1,BTS2,DEFECTIVE,DEFECTIVE,Unit returned to inventory,LPNRP037216047,J ai mis de nouvelles balles dans la bouteille à compression et 5 jours après les balles étaient déjà molles. J ai dû les jeter à la poubelle,9,4,2025,Wednesday,Mañana (6-12h),False
2025-04-08 18:54:25+00:00,405-7443867-0833115,MK-78DJ-J0C2,B0D22R7L7D,X0020AR9P5,TUBOPLUS 29PSI X3e (No Incluye Bomba de Aire),1,MAD4,SELLABLE,MISSED_ESTIMATED_DELIVERY,Unit returned to inventory,LPNWE312172059,Sin comentarios,8,4,2025,Tuesday,Tarde (12-18h),False
2025-04-08 14:32:36+00:00,171-1596805-8058732,4R-VSV0-WZ9Z,B0D87X42RN,X00231GYQL,TUBOPLUS TuboX3 Color Presurizador de Pelotas de Tenis y Padel | Color Dorado,1,MAD4,SELLABLE,UNWANTED_ITEM,Unit returned to inventory,LPNWE291466652,Cambiar por otro producto,8,4,2025,Tuesday,Tarde (12-18h),False
2025-04-07 18:30:42+00:00,405-6919731-5995537,IB-IKLG-TV8H,B0183RZ2VI,X000GERVU5,TuboPlus- TUBOX3 ORANGE 2020 Pallina da tennis e paddle Bottle Pressurizer Bottle - Salva le palle per un tubo !! - Più vita per le tue palle - Made in Zaragoza -Spain -,1,MXP5,DEFECTIVE,UNDELIVERABLE_UNKNOWN,Unit returned to inventory,LPNHE893872729,Sin comentarios,7,4,2025,Monday,Tarde (12-18h),False
2025-04-07 15:27:33+00:00,407-0639480-2399526,MD-R60M-OYR1,B0786KK4TG,X002326XGB,TuboX3 Color | TuboPlus - Presurizador de Pelotas de Tenis y Padel | Color Azul,1,MAD4,SELLABLE,UNDELIVERABLE_UNKNOWN,Unit returned to inventory,LPNWE312668939,Sin comentarios,7,4,2025,Monday,Tarde (12-18h),False
2025-04-07 09:19:30+00:00,403-7627007-7473928,TUBOX4-CRY-SB,B0BTDS4GYS,X001PQP7KJ,TUBOPLUS - Bote presurizador para Pelotas de pádel y Tenis | TUBOX4 Crystal (SIN Bomba) | Compresor para Pelotas | Accesorios indispensables,1,MAD4,SELLABLE,ORDERED_WRONG_ITEM,Unit returned to inventory,LPNWE292678210,Se pidio solo,7,4,2025,Monday,Mañana (6-12h),False
2025-04-07 05:29:23+00:00,408-3225424-2101112,TUBOX4-CRY-SB,B0BTDS4GYS,X001PQP7KJ,TUBOPLUS - Bote presurizador para Pelotas de pádel y Tenis | TUBOX4 Crystal (SIN Bomba) | Compresor para Pelotas | Accesorios indispensables,1,MAD4,CARRIER_DAMAGED,DAMAGED_BY_CARRIER,Reimbursed,LPNWE291118131,Sin comentarios,7,4,2025,Monday,Madrugada (0-6h),False
2025-04-06 15:46:43+00:00,405-8879996-5875515,TUBOX4-CRY-SB,B0BTDS4GYS,X001PQP7KJ,TUBOPLUS - Bote presurizador para Pelotas de pádel y Tenis | TUBOX4 Crystal (SIN Bomba) | Compresor para Pelotas | Accesorios indispensables,1,MAD4,CUSTOMER_DAMAGED,DEFECTIVE,Unit returned to inventory,LPNWE292592228,Sin comentarios,6,4,2025,Sunday,Tarde (12-18h),True
2025-04-04 14:24:32+00:00,403-2550390-1953904,TUBOX4-CRY-SB,B0BTDS4GYS,X001PQP7KJ,"TUBOPLUS - Drukhouder voor padel- en tennisballen, TUBOX4 Crystal (zonder pomp), compressor voor ballen, onmisbare accessoires",1,BTS2,SELLABLE,NOT_AS_DESCRIBED,Unit returned to inventory,LPNWE299797979,Het was mij niet duidelijk dat het product zonder pomp was,4,4,2025,Friday,Tarde (12-18h),False
2025-04-04 05:11:54+00:00,406-7662443-5046726,TUBOX4-CRY-SB,B0BTDS4GYS,X001PQP7KJ,TUBOPLUS - Bote presurizador para Pelotas de pádel y Tenis | TUBOX4 Crystal (SIN Bomba) | Compresor para Pelotas | Accesorios indispensables,1,WRO1,SELLABLE,UNWANTED_ITEM,Unit returned to inventory,LPNHK348204687,No tiene la bomba de aire como pensaba,4,4,2025,Friday,Madrugada (0-6h),False
2025-04-03 15:12:12+00:00,406-4907066-0585144,TUBOX4-CRY-SB,B0BTDS4GYS,X001PQP7KJ,TUBOPLUS - Bote presurizador para Pelotas de pádel y Tenis | TUBOX4 Crystal (SIN Bomba) | Compresor para Pelotas | Accesorios indispensables,1,MAD4,SELLABLE,ORDERED_WRONG_ITEM,Unit returned to inventory,LPNWE294929961,Sin comentarios,3,4,2025,Thursday,Tarde (12-18h),False
2025-04-03 09:36:54+00:00,402-8689883-4725946,IB-IKLG-TV8H,B0183RZ2VI,X000GERVU5,TUBOPLUS- TUBOX3 Naranja 2020 Bote Presurizador de Pelotas de Tenis y Padel - Ahorra Bolas por un Tubo!! - Más Vida para Tus Bolas - Made in Zaragoza-Spain -,1,MAD4,DEFECTIVE,DEFECTIVE,Unit returned to inventory,LPNWE291128478,"Es un presurizador y no hace su función, las bolas de pádel las deja en mal estado",3,4,2025,Thursday,Mañana (6-12h),False
2025-04-03 04:59:37+00:00,408-7305782-5296363,TUBOX4-CRY-SB,B0BTDS4GYS,X001PQP7KJ,TUBOPLUS - Bote presurizador para Pelotas de pádel y Tenis | TUBOX4 Crystal (SIN Bomba) | Compresor para Pelotas | Accesorios indispensables,1,MAD4,CUSTOMER_DAMAGED,DEFECTIVE,Unit returned to inventory,LPNRP041083008,Sin comentarios,3,4,2025,Thursday,Madrugada (0-6h),False
2025-04-01 17:17:49+00:00,405-0581682-5913917,TUBOX4-CRY-SB,B0BTDS4GYS,X001PQP7KJ,TUBOPLUS - Bote presurizador para Pelotas de pádel y Tenis | TUBOX4 Crystal (SIN Bomba) | Compresor para Pelotas | Accesorios indispensables,1,MAD4,DEFECTIVE,DEFECTIVE,Unit returned to inventory,LPNRP041080600,"Buenas , me ha llegado este envío hoy y cuando he procedido ha abrirlo me he dado cuenta de que me ha llegado roto , con una pequeña grieta en una de sus partes , adjunto fotos gracias .",1,4,2025,Tuesday,Tarde (12-18h),False
2025-04-01 16:17:23+00:00,171-3956450-5883545,TUBOX4-CRY-SB,B0BTDS4GYS,X001PQP7KJ,TUBOPLUS - Bote presurizador para Pelotas de pádel y Tenis | TUBOX4 Crystal (SIN Bomba) | Compresor para Pelotas | Accesorios indispensables,1,MAD4,SELLABLE,ORDERED_WRONG_ITEM,Unit returned to inventory,LPNWE288118987,Sin comentarios,1,4,2025,Tuesday,Tarde (12-18h),False
2025-04-01 14:43:09+00:00,406-0299815-7841107,MD-R60M-OYR1,B0786KK4TG,X002326XGB,TuboX3 Color | TuboPlus - Presurizador de Pelotas de Tenis y Padel | Color Azul,1,MAD4,DEFECTIVE,DEFECTIVE,Unit returned to inventory,LPNRP042586456,After several attempts the balls were still deflated.,1,4,2025,Tuesday,Tarde (12-18h),False
2025-03-31 19:54:02+00:00,407-8346003-5964361,MD-R60M-OYR1,B0786KK4TG,X002326XGB,TuboX3 Color | TuboPlus - Presurizador de Pelotas de Tenis y Padel | Color Azul,1,MAD4,SELLABLE,NO_REASON_GIVEN,Unit returned to inventory,LPNWE288792535,Sin comentarios,31,3,2025,Monday,Noche (18-24h),False
2025-03-30 14:34:32+00:00,404-8036091-6467514,TUBOX3-WHI,B0BTDTVCG2,X001PQP7JP,TUBOPLUS TuboX3 Color Presurizador de Pelotas de Tenis y Padel | Color Blanco,1,MAD4,SELLABLE,ORDERED_WRONG_ITEM,Unit returned to inventory,LPNWE292868125,Comprado por error,30,3,2025,Sunday,Tarde (12-18h),True
2025-03-28 20:47:52+00:00,406-7439026-9337942,TUBOX4-CRY-SB,B0BTDS4GYS,X001PQP7KJ,TUBOPLUS - Bote presurizador para Pelotas de pádel y Tenis | TUBOX4 Crystal (SIN Bomba) | Compresor para Pelotas | Accesorios indispensables,1,WRO1,DEFECTIVE,DEFECTIVE,Unit returned to inventory,LPNWE291700680,Perde pressão em poucas horas,28,3,2025,Friday,Noche (18-24h),False
2025-03-28 16:57:19+00:00,406-6135714-8472314,UG-965T-RORR,B07ZTHSVCK,X0013ZBBK7,PRESSURIZZATORE TUBOX4 Crystal con Pompa con MANOMETRO BETO per Tutte Le Barche con 3 O 4 Palline da Tennis E Padel.,1,MXP5,DEFECTIVE,DEFECTIVE,Unit returned to inventory,LPNHE910134850,"Dopo meno di un mese, il tubo non riesce più a mantenere il sottovuoto. Inizialmente lo conservava per alcuni giorni, ma ora perde tenuta nel giro di poche ore.",28,3,2025,Friday,Tarde (12-18h),False
2025-03-27 14:49:04+00:00,404-1444858-2785103,84-F0A5-X7S1,B07ZTHSVCK,X001T0EPOZ,TUBOPLUS - TuboX4 Crystal + Bomba con Manómetro - Presurizador de Pelotas de Tenis y Padel,1,MAD4,SELLABLE,NO_REASON_GIVEN,Unit returned to inventory,LPNWE292640247,Sin comentarios,27,3,2025,Thursday,Tarde (12-18h),False
2025-03-26 18:31:34+00:00,404-7056182-3227508,MK-78DJ-J0C2,B0D22R7L7D,X0020AR9P5,TUBOPLUS 29PSI X3e (No Incluye Bomba de Aire),1,WRO1,SELLABLE,UNWANTED_ITEM,Unit returned to inventory,LPNWE291996031,No lo quiero,26,3,2025,Wednesday,Tarde (12-18h),False
2025-03-26 07:37:12+00:00,302-0426573-6092302,TUBOX4-CRY-SB,B0BTDS4GYS,X001PQP7KJ,TUBOPLUS - Druckbehälter für Padel- und Tennisbälle | TUBOX4 Crystal (ohne Pumpe) | Kompressor für Bälle | unverzichtbares Zubehör,1,LCJ4,DEFECTIVE,DEFECTIVE,Unit returned to inventory,LPNHK380011889,Ist undicht. Selbst mit Fettung der Dichtung,26,3,2025,Wednesday,Mañana (6-12h),False
2025-03-26 02:20:57+00:00,403-0793371-7889107,TUBOX4-CRY-SB,B0BTDS4GYS,X001PQP7KJ,TUBOPLUS - Bote presurizador para Pelotas de pádel y Tenis | TUBOX4 Crystal (SIN Bomba) | Compresor para Pelotas | Accesorios indispensables,1,WRO1,SELLABLE,ORDERED_WRONG_ITEM,Unit returned to inventory,LPNWE291233293,Sin comentarios,26,3,2025,Wednesday,Madrugada (0-6h),False
2025-03-25 23:51:48+00:00,402-7766206-0622751,UG-965T-RORR,B07ZTHSVCK,X0013ZBBK7,PRESSURISEUR TUBOX4 Crystal avec Pompe MANOMETRE BETO pour Tous Les Bateaux avec 3 OU 4 Tennis ET BALLES DE Padel.,1,BTS2,DEFECTIVE,DEFECTIVE,Unit returned to inventory,LPNRP038887537,Pas étanche du tout,25,3,2025,Tuesday,Noche (18-24h),False
2025-03-25 23:46:29+00:00,402-8442818-1554729,MK-78DJ-J0C2,B0D22R7L7D,X0020AR9P5,TUBOPLUS 29PSI X3e (pompe à air non incluse),1,BTS2,DEFECTIVE,DEFECTIVE,Unit returned to inventory,LPNRP038887543,Extrêmement difficile à ouvrir même avec des gant . Perte de pression légère,25,3,2025,Tuesday,Noche (18-24h),False
2025-03-25 22:41:35+00:00,405-8502619-4629908,TUBOX4-CRY-SB,B0BTDS4GYS,X001PQP7KJ,"TUBOPLUS - Drukhouder voor padel- en tennisballen, TUBOX4 Crystal (zonder pomp), compressor voor ballen, onmisbare accessoires",1,MAD4,SELLABLE,UNDELIVERABLE_UNKNOWN,Unit returned to inventory,LPNWE291683513,Sin comentarios,25,3,2025,Tuesday,Noche (18-24h),False
2025-03-25 18:15:20+00:00,402-8920475-5447543,IB-IKLG-TV8H,B0183RZ2VI,X000GERVU5,TUBOPLUS- TUBOX3 Naranja 2020 Bote Presurizador de Pelotas de Tenis y Padel - Ahorra Bolas por un Tubo!! - Más Vida para Tus Bolas - Made in Zaragoza-Spain -,1,WRO1,CUSTOMER_DAMAGED,FOUND_BETTER_PRICE,Unit returned to inventory,LPNRP041085809,Sin comentarios,25,3,2025,Tuesday,Tarde (12-18h),False
2025-03-25 07:31:43+00:00,171-4766957-2961139,IB-IKLG-TV8H,B0183RZ2VI,X000GERVU5,TuboPlus- TUBOX3 Orange 2020 tennisbal en paddle drukfles - Spaarballen door een buis !! - Meer leven voor je ballen - Gemaakt in Zaragoza-Spanje -,1,PRG2,SELLABLE,UNDELIVERABLE_UNKNOWN,Unit returned to inventory,LPNHE921981855,Sin comentarios,25,3,2025,Tuesday,Mañana (6-12h),False
2025-03-25 06:20:09+00:00,406-3527600-5193928,TUBOX4-CRY-SB,B0BTDS4GYS,X001PQP7KJ,TUBOPLUS - Bote presurizador para Pelotas de pádel y Tenis | TUBOX4 Crystal (SIN Bomba) | Compresor para Pelotas | Accesorios indispensables,1,MAD4,SELLABLE,NOT_AS_DESCRIBED,Unit returned to inventory,LPNIC001513939,El producto no es como yo pensaba,25,3,2025,Tuesday,Madrugada (0-6h),False
2025-03-24 20:31:05+00:00,406-9412944-8521917,TUBOX3-WHI,B0BTDTVCG2,X001PQP7JP,TUBOPLUS TuboX3 Pressurisateur de balles de tennis et padel Blanc,1,BTS2,CUSTOMER_DAMAGED,NO_REASON_GIVEN,Unit returned to inventory,LPNRP040910464,Sin comentarios,24,3,2025,Monday,Noche (18-24h),False
2025-03-24 19:34:03+00:00,406-9412944-8521917,MD-R60M-OYR1,B0786KK4TG,X002326XGB,TuboPlus - TUBOX3 BLUE 2020 Bouteille de tennis et bouteille de pressuriseur à palette - Économisez des balles par un tube !! - Plus de vie pour vos balles - Fabriqué à Zaragoza - Espagne,1,BTS2,SELLABLE,NO_REASON_GIVEN,Unit returned to inventory,LPNHE930304279,Sin comentarios,24,3,2025,Monday,Noche (18-24h),False
2025-03-24 17:35:59+00:00,305-1491187-8725954,TUBOX4-CRY-SB,B0BTDS4GYS,X001PQP7KJ,TUBOPLUS - Druckbehälter für Padel- und Tennisbälle | TUBOX4 Crystal (ohne Pumpe) | Kompressor für Bälle | unverzichtbares Zubehör,1,LCJ4,DEFECTIVE,DEFECTIVE,Unit returned to inventory,LPNRP039057208,Die Röhre ist defekt und hält den Druck nicht.,24,3,2025,Monday,Tarde (12-18h),False
2025-03-23 15:11:21+00:00,405-6715653-2468347,84-F0A5-X7S1,B07ZTHSVCK,X001T0EPOZ,TUBOPLUS - TuboX4 Crystal + Bomba con Manómetro - Presurizador de Pelotas de Tenis y Padel,1,MAD4,SELLABLE,ORDERED_WRONG_ITEM,Unit returned to inventory,LPNWE292870904,"No sé en qué momento he pedido esto otra vez, ya que también lo pedí el mes  pasado",23,3,2025,Sunday,Tarde (12-18h),True
2025-03-22 20:11:53+00:00,408-5673506-4892321,84-F0A5-X7S1,B07ZTHSVCK,X001T0EPOZ,TuboPlus - Tubox4 Crystal + Pump med tryckmätare Beto - Tennis och Padel Bollar Tryck,1,BTS2,DEFECTIVE,DEFECTIVE,Unit returned to inventory,LPNRP038681746,The handle on the pump that seals the pump to the pressure-item broke after 10 days of usage. Can you send me a new pump? I have pictures of the broken pump if you want to see.,22,3,2025,Saturday,Noche (18-24h),True
2025-03-21 13:29:41+00:00,405-6479625-7632332,UG-965T-RORR,B07ZTHSVCK,X0013ZBBK7,PRESSURIZZATORE TUBOX4 Crystal con Pompa con MANOMETRO BETO per Tutte Le Barche con 3 O 4 Palline da Tennis E Padel.,1,MXP5,DEFECTIVE,DEFECTIVE,Unit returned to inventory,LPNHE910593626,Perfetto pressione dopo neanche 5 minuti dalla chiusura,21,3,2025,Friday,Tarde (12-18h),False
2025-03-20 11:26:09+00:00,407-9617364-0822748,UG-965T-RORR,B07ZTHSVCK,X0013ZBBK7,TUBOPLUS - TuboX4 Crystal + Bomba con Manómetro - Presurizador de Pelotas de Tenis y Padel,1,MAD4,SELLABLE,NO_REASON_GIVEN,Unit returned to inventory,LPNWE255195411,Sin comentarios,20,3,2025,Thursday,Mañana (6-12h),False
2025-03-18 07:25:07+00:00,402-4807231-9264326,TUBOX4-CRY-SB,B0BTDS4GYS,X001PQP7KJ,"TUBOPLUS - Drukhouder voor padel- en tennisballen, TUBOX4 Crystal (zonder pomp), compressor voor ballen, onmisbare accessoires",1,BTS2,SELLABLE,NO_REASON_GIVEN,Unit returned to inventory,LPNWE298297458,Sin comentarios,18,3,2025,Tuesday,Mañana (6-12h),False
2025-03-17 05:44:43+00:00,403-4388691-6728316,MK-78DJ-J0C2,B0D22R7L7D,X0020AR9P5,TUBOPLUS 29PSI X3e (No Incluye Bomba de Aire),1,MAD4,CUSTOMER_DAMAGED,ORDERED_WRONG_ITEM,Unit returned to inventory,LPNWE278176322,Sin comentarios,17,3,2025,Monday,Madrugada (0-6h),False
2025-03-16 14:10:03+00:00,403-9724732-0145925,TUBOX4-CRY-SB,B0BTDS4GYS,X001PQP7KJ,TUBOPLUS - Bote presurizador para Pelotas de pádel y Tenis | TUBOX4 Crystal (SIN Bomba) | Compresor para Pelotas | Accesorios indispensables,1,MAD4,SELLABLE,UNWANTED_ITEM,Unit returned to inventory,LPNWE287232269,"He visto reseñas en youtube que no es tan bueno, por lonque no lo he abierto y ya no lo quiero",16,3,2025,Sunday,Tarde (12-18h),True
2025-03-15 20:07:30+00:00,402-3776366-2483543,84-F0A5-X7S1,B07ZTHSVCK,X001T0EPOZ,TUBOPLUS - TuboX4 Crystal + Bomba con Manómetro - Presurizador de Pelotas de Tenis y Padel,1,MAD4,SELLABLE,DEFECTIVE,Unit returned to inventory,LPNWE278200535,No tiene calidad,15,3,2025,Saturday,Noche (18-24h),True
2025-03-15 15:48:37+00:00,403-5059678-6522741,UG-965T-RORR,B07ZTHSVCK,X0013ZBBK7,PRESSURIZZATORE TUBOX4 Crystal con Pompa con MANOMETRO BETO per Tutte Le Barche con 3 O 4 Palline da Tennis E Padel.,1,MXP3,SELLABLE,UNDELIVERABLE_UNKNOWN,Unit returned to inventory,LPNHE830920140,Sin comentarios,15,3,2025,Saturday,Tarde (12-18h),True
2025-03-15 12:46:08+00:00,406-7202823-7761951,IB-IKLG-TV8H,B0183RZ2VI,X000GERVU5,TuboPlus- TUBOX3 ORANGE 2020 Pallina da tennis e paddle Bottle Pressurizer Bottle - Salva le palle per un tubo !! - Più vita per le tue palle - Made in Zaragoza -Spain -,1,MXP5,SELLABLE,DEFECTIVE,Unit returned to inventory,LPNHE911611799,Troppo troppo troppo duro da svitare.,15,3,2025,Saturday,Mañana (6-12h),True
2025-03-15 02:28:51+00:00,402-3155038-4736357,84-F0A5-X7S1,B07ZTHSVCK,X001T0EPOZ,"TUBOPLUS UG-965T-RORR - TuboX4 Crystal+ Pomp met Manometer BETO - Pressurizer voor tennis en paddleballen,Neutral",1,BTS2,SELLABLE,UNDELIVERABLE_UNKNOWN,Unit returned to inventory,LPNWE299292783,Sin comentarios,15,3,2025,Saturday,Madrugada (0-6h),True
2025-03-14 10:12:24+00:00,028-0970233-5550719,84-F0A5-X7S1,B07ZTHSVCK,X001T0EPOZ,"TUBOPLUS POLICARBONATO UG-965T-RORR Tubox4 Crystal + Pumpe mit Manometer Beto-Tennis-und Paddelbälle, Transparent, 4 Pelotas",1,LCJ4,DEFECTIVE,NOT_AS_DESCRIBED,Unit returned to inventory,LPNHK361746536,funktioniert nicht,14,3,2025,Friday,Mañana (6-12h),False
2025-03-13 06:18:14+00:00,403-8506692-8449904,TUBOX4-CRY-SB,B0BTDS4GYS,X001PQP7KJ,TUBOPLUS - Bote presurizador para Pelotas de pádel y Tenis | TUBOX4 Crystal (SIN Bomba) | Compresor para Pelotas | Accesorios indispensables,1,MAD4,SELLABLE,FOUND_BETTER_PRICE,Unit returned to inventory,LPNRP040756626,Es muy grande,13,3,2025,Thursday,Madrugada (0-6h),False
2025-03-12 21:10:34+00:00,406-3379029-8042723,MD-R60M-OYR1,B0786KK4TG,X002326XGB,TuboX3 Color | TuboPlus - Presurizador de Pelotas de Tenis y Padel | Color Azul,1,WRO1,SELLABLE,DEFECTIVE,Unit returned to inventory,LPNWE294850579,No funciona,12,3,2025,Wednesday,Noche (18-24h),False
2025-03-12 15:00:57+00:00,406-8260172-6579513,UG-965T-RORR,B07ZTHSVCK,X0013ZBBK7,TUBOPLUS - TuboX4 Crystal + Bomba con Manómetro - Presurizador de Pelotas de Tenis y Padel,1,MAD4,SELLABLE,UNWANTED_ITEM,Unit returned to inventory,LPNIC001572579,Compre otro regalo de cumpleaños,12,3,2025,Wednesday,Tarde (12-18h),False
2025-03-12 06:44:10+00:00,403-5862748-6121162,MK-78DJ-J0C2,B0D22R7L7D,X0020AR9P5,TUBOPLUS 29PSI X3e (No Incluye Bomba de Aire),1,WRO1,SELLABLE,ORDERED_WRONG_ITEM,Unit returned to inventory,LPNWE294860713,Pensaba que traía bomba y manómetro (Creo que lo ponga al memos),12,3,2025,Wednesday,Madrugada (0-6h),False
2025-03-11 20:48:30+00:00,406-6252843-1949913,TUBOX3-WHI,B0BTDTVCG2,X001PQP7JP,TUBOPLUS TuboX3 Color Presurizador de Pelotas de Tenis y Padel | Color Blanco,1,MAD4,SELLABLE,MISSED_ESTIMATED_DELIVERY,Unit returned to inventory,LPNWE287734435,Entregado día 18 cuando se esperaba el 15,11,3,2025,Tuesday,Noche (18-24h),False
2025-03-11 11:43:59+00:00,306-9703822-0765127,TUBOX4-CRY-SB,B0BTDS4GYS,X001PQP7KJ,TUBOPLUS - Druckbehälter für Padel- und Tennisbälle | TUBOX4 Crystal (ohne Pumpe) | Kompressor für Bälle | unverzichtbares Zubehör,1,BTS2,CUSTOMER_DAMAGED,NO_REASON_GIVEN,Unit returned to inventory,LPNRP036179711,Sin comentarios,11,3,2025,Tuesday,Mañana (6-12h),False
2025-03-11 11:05:21+00:00,405-8973024-7776305,UG-965T-RORR,B07ZTHSVCK,X0013ZBBK7,TUBOPLUS - TuboX4 Crystal + Bomba con Manómetro - Presurizador de Pelotas de Tenis y Padel,1,MAD4,SELLABLE,NO_REASON_GIVEN,Unit returned to inventory,LPNWE287956051,Sin comentarios,11,3,2025,Tuesday,Mañana (6-12h),False
2025-03-11 08:03:08+00:00,402-3845880-7820335,4R-VSV0-WZ9Z,B0D87X42RN,X00231GYQL,TUBOPLUS TuboX3 Color Presurizador de Pelotas de Tenis y Padel | Color Dorado,1,MAD4,CUSTOMER_DAMAGED,NO_REASON_GIVEN,Unit returned to inventory,LPNRP034788579,Sin comentarios,11,3,2025,Tuesday,Mañana (6-12h),False
2025-03-11 07:19:23+00:00,406-2490349-1111542,MD-R60M-OYR1,B0786KK4TG,X002326XGB,TuboX3 Color | TuboPlus - Presurizador de Pelotas de Tenis y Padel | Color Azul,1,MAD4,DEFECTIVE,DEFECTIVE,Unit returned to inventory,LPNRP041077575,"No funciona bien, he comprado otro.modelo",11,3,2025,Tuesday,Mañana (6-12h),False
2025-03-07 20:09:40+00:00,171-3383254-3761914,84-F0A5-X7S1,B07ZTHSVCK,X001T0EPOZ,TUBOPLUS - TuboX4 Crystal + Bomba con Manómetro - Presurizador de Pelotas de Tenis y Padel,1,MAD4,SELLABLE,NO_REASON_GIVEN,Unit returned to inventory,LPNWE278454733,Sin comentarios,7,3,2025,Friday,Noche (18-24h),False
2025-03-07 07:08:48+00:00,404-8778239-2973956,UG-965T-RORR,B07ZTHSVCK,X0013ZBBK7,PRESSURISEUR TUBOX4 Crystal avec Pompe MANOMETRE BETO pour Tous Les Bateaux avec 3 OU 4 Tennis ET BALLES DE Padel.,1,BTS2,DEFECTIVE,DEFECTIVE,Unit returned to inventory,LPNRP039439965,aucun air ne rentre à l’intérieur,7,3,2025,Friday,Mañana (6-12h),False
2025-03-06 15:04:16+00:00,403-4770246-3949111,TUBOX4-CRY-SB,B0BTDS4GYS,X001PQP7KJ,TUBOPLUS - Bote presurizador para Pelotas de pádel y Tenis | TUBOX4 Crystal (SIN Bomba) | Compresor para Pelotas | Accesorios indispensables,1,MAD4,SELLABLE,ORDERED_WRONG_ITEM,Unit returned to inventory,LPNIC001616685,"Al no traer hinchador, no lo podemos usar",6,3,2025,Thursday,Tarde (12-18h),False
2025-03-04 20:48:18+00:00,407-6403972-8731560,JW-4PNV-18BT,B0CZMGFD3S,X001ZWRDZP,TUBOPLUS 29PSI X3e (Incluye Bomba de Aire),1,MAD4,SELLABLE,NEVER_ARRIVED,Unit returned to inventory,LPNWE294802132,Sin comentarios,4,3,2025,Tuesday,Noche (18-24h),False
2025-03-04 17:11:19+00:00,408-4696964-6065942,TUBOX4-CRY-SB,B0BTDS4GYS,X001PQP7KJ,TUBOPLUS - Bote presurizador para Pelotas de pádel y Tenis | TUBOX4 Crystal (SIN Bomba) | Compresor para Pelotas | Accesorios indispensables,1,MAD4,SELLABLE,NOT_AS_DESCRIBED,Unit returned to inventory,LPNIC001271135,Da a entender que viene con bombín y solo viene el tubo,4,3,2025,Tuesday,Tarde (12-18h),False
2025-03-01 01:53:07+00:00,402-6398735-3151537,MD-R60M-OYR1,B0786KK4TG,X002326XGB,TuboPlus - TUBOX3 BLUE 2020 Bouteille de tennis et bouteille de pressuriseur à palette - Économisez des balles par un tube !! - Plus de vie pour vos balles - Fabriqué à Zaragoza - Espagne,1,BTS2,CUSTOMER_DAMAGED,DEFECTIVE,Unit returned to inventory,LPNRP037217239,Sin comentarios,1,3,2025,Saturday,Madrugada (0-6h),True
2025-03-01 01:39:38+00:00,402-6398735-3151537,MD-R60M-OYR1,B0786KK4TG,X002326XGB,TuboPlus - TUBOX3 BLUE 2020 Bouteille de tennis et bouteille de pressuriseur à palette - Économisez des balles par un tube !! - Plus de vie pour vos balles - Fabriqué à Zaragoza - Espagne,1,BTS2,SELLABLE,UNWANTED_ITEM,Unit returned to inventory,LPNRP037217223,1 m étais suffisant,1,3,2025,Saturday,Madrugada (0-6h),True
2025-02-28 09:39:49+00:00,403-2297149-1513115,UG-965T-RORR,B07ZTHSVCK,X0013ZBBK7,PRESSURIZZATORE TUBOX4 Crystal con Pompa con MANOMETRO BETO per Tutte Le Barche con 3 O 4 Palline da Tennis E Padel.,1,MXP5,SELLABLE,UNDELIVERABLE_UNKNOWN,Unit returned to inventory,LPNHE892911109,Sin comentarios,28,2,2025,Friday,Mañana (6-12h),False
2025-02-28 01:27:29+00:00,408-1116161-9161904,TUBOX3-WHI,B0BTDTVCG2,X001PQP7JP,TUBOPLUS TuboX3 Color Presurizador de Pelotas de Tenis y Padel | Color Blanco,1,MAD4,SELLABLE,ORDERED_WRONG_ITEM,Unit returned to inventory,LPNIC000347072,Sin comentarios,28,2,2025,Friday,Madrugada (0-6h),False
2025-02-25 16:54:26+00:00,406-5869248-7295525,TUBOX4-CRY-SB,B0BTDS4GYS,X001PQP7KJ,TUBOPLUS - Bote presurizador para Pelotas de pádel y Tenis | TUBOX4 Crystal (SIN Bomba) | Compresor para Pelotas | Accesorios indispensables,1,MAD4,CUSTOMER_DAMAGED,NO_REASON_GIVEN,Unit returned to inventory,LPNWE278696373,Sin comentarios,25,2,2025,Tuesday,Tarde (12-18h),False
2025-02-25 15:26:03+00:00,408-3878166-4594736,IB-IKLG-TV8H,B0183RZ2VI,X000GERVU5,TuboPlus- TUBOX3 ORANGE 2020 Pallina da tennis e paddle Bottle Pressurizer Bottle - Salva le palle per un tubo !! - Più vita per le tue palle - Made in Zaragoza -Spain -,1,MXP5,SELLABLE,DEFECTIVE,Unit returned to inventory,LPNHE879560014,Non funziona,25,2,2025,Tuesday,Tarde (12-18h),False
2025-02-25 10:47:36+00:00,408-8690111-5901108,IB-IKLG-TV8H,B0183RZ2VI,X000GERVU5,TuboPlus- TUBOX3 ORANGE 2020 Pallina da tennis e paddle Bottle Pressurizer Bottle - Salva le palle per un tubo !! - Più vita per le tue palle - Made in Zaragoza -Spain -,1,MXP5,SELLABLE,ORDERED_WRONG_ITEM,Unit returned to inventory,LPNHE911459036,Sin comentarios,25,2,2025,Tuesday,Mañana (6-12h),False
2025-02-23 08:55:13+00:00,407-3483132-7780300,TUBOX3-WHI,B0BTDTVCG2,X001PQP7JP,TUBOPLUS TuboX3 Pressurisateur de balles de tennis et padel Blanc,1,ORY1,SELLABLE,UNDELIVERABLE_UNKNOWN,Unit returned to inventory,LPNIC129674270,Sin comentarios,23,2,2025,Sunday,Mañana (6-12h),True
2025-02-20 06:01:15+00:00,407-8725901-7302731,35-DQ86-IJB4,B09266N893,X001D1A0DZ,TUBOX3 + Bomba - Presurizador Pelotas Pádel | Multiplica X7 La Vida De Tus Pelotas | Recupera La Presión De Tus Bolas Después De Cada Partido | Bote para 3 Pelotas | Accesorios Pádel,1,MAD4,SELLABLE,NO_REASON_GIVEN,Unit returned to inventory,LPNIC022426891,Sin comentarios,20,2,2025,Thursday,Madrugada (0-6h),False
2025-02-19 05:21:17+00:00,408-4468489-7686762,MD-R60M-OYR1,B0786KK4TG,X002326XGB,TuboX3 Color | TuboPlus - Presurizador de Pelotas de Tenis y Padel | Color Azul,1,MAD4,SELLABLE,NO_REASON_GIVEN,Unit returned to inventory,LPNIC001639190,Sin comentarios,19,2,2025,Wednesday,Madrugada (0-6h),False
2025-02-19 01:19:58+00:00,407-0531310-9029926,UG-965T-RORR,B07ZTHSVCK,X0013ZBBK7,TUBOPLUS - TuboX4 Crystal + Bomba con Manómetro - Presurizador de Pelotas de Tenis y Padel,1,MAD4,SELLABLE,UNDELIVERABLE_REFUSED,Reimbursed,LPNWE255424724,Sin comentarios,19,2,2025,Wednesday,Madrugada (0-6h),False
2025-02-18 16:27:22+00:00,407-3648070-6960346,4R-VSV0-WZ9Z,B0D87X42RN,X00231GYQL,TUBOPLUS TuboX3 Color Presurizador de Pelotas de Tenis y Padel | Color Dorado,1,MAD4,SELLABLE,ORDERED_WRONG_ITEM,Unit returned to inventory,LPNIC001046241,Sin comentarios,18,2,2025,Tuesday,Tarde (12-18h),False
2025-02-18 14:26:05+00:00,406-9169604-9061165,UG-965T-RORR,B07ZTHSVCK,X0013ZBBK7,PRESSURIZZATORE TUBOX4 Crystal con Pompa con MANOMETRO BETO per Tutte Le Barche con 3 O 4 Palline da Tennis E Padel.,1,MXP5,DEFECTIVE,DEFECTIVE,Unit returned to inventory,LPNRP036838598,Non mantiene la pressione all’interno. Dopo i n giorno é già a 0 bar.,18,2,2025,Tuesday,Tarde (12-18h),False
2025-02-18 11:26:36+00:00,171-3577482-7751534,UG-965T-RORR,B07ZTHSVCK,X0013ZBBK7,PRESSURISEUR TUBOX4 Crystal avec Pompe MANOMETRE BETO pour Tous Les Bateaux avec 3 OU 4 Tennis ET BALLES DE Padel.,1,BTS2,SELLABLE,FOUND_BETTER_PRICE,Unit returned to inventory,LPNHE923788631,trop cher,18,2,2025,Tuesday,Mañana (6-12h),False
2025-02-17 23:34:47+00:00,408-6922326-9997121,UG-965T-RORR,B07ZTHSVCK,X0013ZBBK7,PRESSURISEUR TUBOX4 Crystal avec Pompe MANOMETRE BETO pour Tous Les Bateaux avec 3 OU 4 Tennis ET BALLES DE Padel.,1,MAD4,SELLABLE,UNDELIVERABLE_UNKNOWN,Unit returned to inventory,LPNWE255109864,Sin comentarios,17,2,2025,Monday,Noche (18-24h),False
2025-02-17 05:50:07+00:00,406-5277745-9069954,TUBOX3-WHI,B0BTDTVCG2,X001PQP7JP,TUBOPLUS TuboX3 Color Presurizador de Pelotas de Tenis y Padel | Color Blanco,1,MAD4,SELLABLE,ORDERED_WRONG_ITEM,Unit returned to inventory,LPNWE255847304,Error al comprarlo,17,2,2025,Monday,Madrugada (0-6h),False
2025-02-16 13:27:56+00:00,304-9497269-2372361,TUBOX4-CRY-SB,B0BTDS4GYS,X001PQP7KJ,TUBOPLUS TuboX4 Crystal (ohne Pumpe) Tennisbälle und Padel,1,BTS2,CUSTOMER_DAMAGED,DEFECTIVE,Unit returned to inventory,LPNRP035912659,Sin comentarios,16,2,2025,Sunday,Tarde (12-18h),True
2025-02-14 05:57:25+00:00,403-6656114-7892346,UG-965T-RORR,B07ZTHSVCK,X0013ZBBK7,PRESSURIZZATORE TUBOX4 Crystal con Pompa con MANOMETRO BETO per Tutte Le Barche con 3 O 4 Palline da Tennis E Padel.,1,MXP5,CUSTOMER_DAMAGED,NO_REASON_GIVEN,Unit returned to inventory,LPNHE914385903,Sin comentarios,14,2,2025,Friday,Madrugada (0-6h),False
2025-02-13 07:12:47+00:00,408-7572620-4430724,4R-VSV0-WZ9Z,B0D87X42RN,X00231GYQL,TUBOPLUS TuboX3 Color Presurizador de Pelotas de Tenis y Padel | Color Dorado,1,MAD4,CUSTOMER_DAMAGED,UNWANTED_ITEM,Unit returned to inventory,LPNWE256768762,Sin comentarios,13,2,2025,Thursday,Mañana (6-12h),False
2025-02-11 19:45:39+00:00,404-3399228-6617127,TUBOX3-WHI,B0BTDTVCG2,X001PQP7JP,TUBOPLUS TuboX3 Color Presurizador de Pelotas de Tenis y Padel | Color Blanco,1,MAD4,SELLABLE,NO_REASON_GIVEN,Unit returned to inventory,LPNIC000221407,Sin comentarios,11,2,2025,Tuesday,Noche (18-24h),False
2025-02-11 18:02:56+00:00,405-5634037-0938720,TUBOX4-CRY-SB,B0BTDS4GYS,X001PQP7KJ,TUBOPLUS - Bote presurizador para Pelotas de pádel y Tenis | TUBOX4 Crystal (SIN Bomba) | Compresor para Pelotas | Accesorios indispensables,1,MAD4,DEFECTIVE,DEFECTIVE,Unit returned to inventory,LPNRP035444529,Pierde presión a los dos días. No me sirve si pierdo la presión.,11,2,2025,Tuesday,Tarde (12-18h),False
2025-02-11 10:11:29+00:00,407-6512091-6477122,35-DQ86-IJB4,B09266N893,X001D1A0DZ,TUBOX3 + Bomba - Presurizador Pelotas Pádel | Multiplica X7 La Vida De Tus Pelotas | Recupera La Presión De Tus Bolas Después De Cada Partido | Bote para 3 Pelotas | Accesorios Pádel,1,MAD4,DEFECTIVE,DEFECTIVE,Unit returned to inventory,LPNRP028977976,Pierde aire,11,2,2025,Tuesday,Mañana (6-12h),False
2025-02-11 02:46:59+00:00,171-3889788-8254705,MD-R60M-OYR1,B0786KK4TG,X002326XGB,TuboX3 Color | TuboPlus - Presurizador de Pelotas de Tenis y Padel | Color Azul,1,MAD4,SELLABLE,UNWANTED_ITEM,Unit returned to inventory,LPNWE287388968,Era para un regalo y tenía otro igual,11,2,2025,Tuesday,Madrugada (0-6h),False
2025-02-10 17:54:28+00:00,406-4211012-7787512,35-DQ86-IJB4,B09266N893,X001D1A0DZ,TUBOX3 + BOMBA - Presurizador Pelotas Pádel | Multiplica X7 La Vida De Tus Pelotas | Recupera La Presión De Tus Bolas Después De Cada Partido | Bote Para 3 Pelotas | Accesorios Pádel,1,MAD4,DEFECTIVE,DEFECTIVE,Unit returned to inventory,LPNRP036429065,Sin comentarios,10,2,2025,Monday,Tarde (12-18h),False
2025-02-10 10:42:16+00:00,402-1191294-8529158,MK-78DJ-J0C2,B0D22R7L7D,X0020AR9P5,TUBOPLUS 29PSI X3e (No Incluye Bomba de Aire),1,MAD4,SELLABLE,NOT_AS_DESCRIBED,Unit returned to inventory,LPNWE256015254,Faltan piezas,10,2,2025,Monday,Mañana (6-12h),False
2025-02-09 19:48:36+00:00,406-7258501-6853128,MK-78DJ-J0C2,B0D22R7L7D,X0020AR9P5,TUBOPLUS 29PSI X3e (No Incluye Bomba de Aire),1,MAD4,SELLABLE,ORDERED_WRONG_ITEM,Unit returned to inventory,LPNWE276284003,Necesitaba el bombin,9,2,2025,Sunday,Noche (18-24h),True
2025-02-09 17:18:31+00:00,404-8717448-7165955,TUBOX4-CRY-SB,B0BTDS4GYS,X001PQP7KJ,TUBOPLUS - Bote presurizador para Pelotas de pádel y Tenis | TUBOX4 Crystal (SIN Bomba) | Compresor para Pelotas | Accesorios indispensables,1,MAD4,SELLABLE,UNWANTED_ITEM,Unit returned to inventory,LPNWE291253603,Era un regalo y lo tenian,9,2,2025,Sunday,Tarde (12-18h),True
2025-02-08 17:50:50+00:00,171-5293075-2779558,TUBOX4-CRY-SB,B0BTDS4GYS,X001PQP7KJ,TUBOPLUS - Bote presurizador para Pelotas de pádel y Tenis | TUBOX4 Crystal (SIN Bomba) | Compresor para Pelotas | Accesorios indispensables,1,MAD4,SELLABLE,UNWANTED_ITEM,Unit returned to inventory,LPNWE290989991,La persona a la que se lo regalé ya tenía este artículo,8,2,2025,Saturday,Tarde (12-18h),True
2025-02-08 15:21:03+00:00,406-5086860-5311509,TUBOX3-WHI,B0BTDTVCG2,X001PQP7JP,TUBOPLUS TuboX3 Color Presurizador de Pelotas de Tenis y Padel | Color Blanco,1,MAD4,SELLABLE,ORDERED_WRONG_ITEM,Unit returned to inventory,LPNWE255477762,Sin comentarios,8,2,2025,Saturday,Tarde (12-18h),True
2025-02-07 14:35:44+00:00,405-7062650-3349936,TUBOX4-CRY-SB,B0BTDS4GYS,X001PQP7KJ,TUBOPLUS - Bote presurizador para Pelotas de pádel y Tenis | TUBOX4 Crystal (SIN Bomba) | Compresor para Pelotas | Accesorios indispensables,1,MAD4,CUSTOMER_DAMAGED,ORDERED_WRONG_ITEM,Unit returned to inventory,LPNIC000885733,Sin comentarios,7,2,2025,Friday,Tarde (12-18h),False
2025-02-07 12:20:16+00:00,408-0782414-0113142,4R-VSV0-WZ9Z,B0D87X42RN,X00231GYQL,TUBOPLUS TuboX3 Color Presurizador de Pelotas de Tenis y Padel | Color Dorado,1,MAD4,CUSTOMER_DAMAGED,UNWANTED_ITEM,Unit returned to inventory,LPNWE290481676,Sin comentarios,7,2,2025,Friday,Mañana (6-12h),False
2025-02-07 05:30:03+00:00,403-2370405-7081132,UG-965T-RORR,B07ZTHSVCK,X0013ZBBK7,PRESSURIZZATORE TUBOX4 Crystal con Pompa con MANOMETRO BETO per Tutte Le Barche con 3 O 4 Palline da Tennis E Padel.,1,MXP5,DEFECTIVE,UNWANTED_ITEM,Unit returned to inventory,LPNHE867337377,Non chiare le istruzioni. Poco funzionale,7,2,2025,Friday,Madrugada (0-6h),False
2025-02-06 19:11:14+00:00,406-1835643-8348368,MD-R60M-OYR1,B0786KK4TG,X002326XGB,TuboX3 Color | TuboPlus - Presurizador de Pelotas de Tenis y Padel | Color Azul,1,MAD4,SELLABLE,ORDERED_WRONG_ITEM,Unit returned to inventory,LPNWE290480836,Sin comentarios,6,2,2025,Thursday,Noche (18-24h),False
2025-02-06 16:45:16+00:00,406-5804433-2245104,4R-VSV0-WZ9Z,B0D87X42RN,X00231GYQL,TUBOPLUS TuboX3 Color Presurizador de Pelotas de Tenis y Padel | Color Dorado,1,MAD4,SELLABLE,NO_REASON_GIVEN,Unit returned to inventory,LPNWE291829957,Sin comentarios,6,2,2025,Thursday,Tarde (12-18h),False
2025-02-06 13:27:05+00:00,171-0915935-1140320,MK-78DJ-J0C2,B0D22R7L7D,X0020AR9P5,TUBOPLUS 29PSI X3e (No Incluye Bomba de Aire),1,MAD4,SELLABLE,UNWANTED_ITEM,Unit returned to inventory,LPNRP034677263,No es lo que quería,6,2,2025,Thursday,Tarde (12-18h),False
2025-02-06 02:24:31+00:00,407-8000523-7475561,UG-965T-RORR,B07ZTHSVCK,X0013ZBBK7,PRESSURIZZATORE TUBOX4 Crystal con Pompa con MANOMETRO BETO per Tutte Le Barche con 3 O 4 Palline da Tennis E Padel.,1,BTS2,DEFECTIVE,DEFECTIVE,Unit returned to inventory,LPNHE877230939,Testato con palline utilizzate un paio di volte ma non hanno migliorato la pressione.,6,2,2025,Thursday,Madrugada (0-6h),False
2025-02-05 21:17:44+00:00,402-4532113-5023524,TUBOX3-WHI,B0BTDTVCG2,X001PQP7JP,TUBOPLUS TuboX3 Color Presurizador de Pelotas de Tenis y Padel | Color Blanco,1,MAD4,SELLABLE,UNWANTED_ITEM,Unit returned to inventory,LPNWE275818116,No gustó,5,2,2025,Wednesday,Noche (18-24h),False
2025-02-05 19:25:33+00:00,402-7578876-1568340,MK-78DJ-J0C2,B0D22R7L7D,X0020AR9P5,TUBOPLUS 29PSI X3e (No Incluye Bomba de Aire),1,MAD4,DEFECTIVE,NOT_AS_DESCRIBED,Unit returned to inventory,LPNWE291294290,En la web especificaba que incluia bomba de aire. En el paquete que hemos recibido no incluye la bomba.,5,2,2025,Wednesday,Noche (18-24h),False
2025-02-05 15:38:24+00:00,408-3357894-9169164,MK-78DJ-J0C2,B0D22R7L7D,X0020AR9P5,TUBOPLUS 29PSI X3e (No Incluye Bomba de Aire),1,MAD4,SELLABLE,UNWANTED_ITEM,Unit returned to inventory,LPNIC001322147,T,5,2,2025,Wednesday,Tarde (12-18h),False
2025-02-05 06:25:58+00:00,305-6851791-8876302,TUBOX4-CRY-SB,B0BTDS4GYS,X001PQP7KJ,TUBOPLUS - Druckbehälter für Padel- und Tennisbälle | TUBOX4 Crystal (ohne Pumpe) | Kompressor für Bälle | unverzichtbares Zubehör,1,LCJ4,SELLABLE,NO_REASON_GIVEN,Unit returned to inventory,LPNHK330525035,Sin comentarios,5,2,2025,Wednesday,Madrugada (0-6h),False
2025-02-04 16:55:51+00:00,402-9167211-7043556,TUBOX3-WHI,B0BTDTVCG2,X001PQP7JP,TUBOPLUS TuboX3 Color Presurizador de Pelotas de Tenis y Padel | Color Blanco,1,MAD4,SELLABLE,ORDERED_WRONG_ITEM,Unit returned to inventory,LPNIC000611562,Sin comentarios,4,2,2025,Tuesday,Tarde (12-18h),False
2025-02-04 03:10:38+00:00,405-8681102-6094741,MD-R60M-OYR1,B0786KK4TG,X002326XGB,TuboX3 Color | TuboPlus - Presurizador de Pelotas de Tenis y Padel | Color Azul,1,MAD4,SELLABLE,UNWANTED_ITEM,Unit returned to inventory,LPNWE276903917,Le han regalado el mismo producto dos veces,4,2,2025,Tuesday,Madrugada (0-6h),False
2025-02-04 00:03:03+00:00,406-8274374-6296306,MD-R60M-OYR1,B0786KK4TG,X002326XGB,TuboPlus - TUBOX3 Blue 2020 Bouteille de Tennis et Bouteille de pressuriseur à Palette - Économisez des balles par Un Tube !! - Plus de Vie pour Vos balles - Fabriqué à Zaragoza - Espagne,1,BTS2,CUSTOMER_DAMAGED,UNWANTED_ITEM,Unit returned to inventory,LPNHE916480341,Sin comentarios,4,2,2025,Tuesday,Madrugada (0-6h),False
2025-02-03 15:51:07+00:00,405-6713714-5816326,TUBOX4-CRY-SB,B0BTDS4GYS,X001PQP7KJ,TUBOPLUS - Bote presurizador para Pelotas de pádel y Tenis | TUBOX4 Crystal (SIN Bomba) | Compresor para Pelotas | Accesorios indispensables,1,MAD4,SELLABLE,NO_REASON_GIVEN,Unit returned to inventory,LPNIC000302121,Sin comentarios,3,2,2025,Monday,Tarde (12-18h),False
2025-02-02 18:01:18+00:00,171-3435560-4082709,TUBOX3-PINK,B0BTDTN52N,X001PQRHT3,TUBOPLUS TuboX3 Color Presurizador de Pelotas de Tenis y Padel | Color Rosa,1,MAD4,SELLABLE,EXTRA_ITEM,Unit returned to inventory,LPNIC022691607,Suscripción realizada por error,2,2,2025,Sunday,Tarde (12-18h),True
2025-01-29 17:29:17+00:00,403-8779165-5873160,MK-78DJ-J0C2,B0D22R7L7D,X0020AR9P5,TUBOPLUS 29PSI X3e (No Incluye Bomba de Aire),1,MAD4,SELLABLE,ORDERED_WRONG_ITEM,Unit returned to inventory,LPNIC000413031,Fue comprado por error.,29,1,2025,Wednesday,Tarde (12-18h),False
2025-01-29 15:45:52+00:00,403-6993413-2666756,MK-78DJ-J0C2,B0D22R7L7D,X0020AR9P5,TUBOPLUS 29PSI X3e (No Incluye Bomba de Aire),1,MAD4,SELLABLE,UNWANTED_ITEM,Unit returned to inventory,LPNIC000446591,"Me interesa más otro diferente, por tener bomba",29,1,2025,Wednesday,Tarde (12-18h),False
2025-01-29 14:56:18+00:00,407-9520902-4173124,MD-R60M-OYR1,B0786KK4TG,X002326XGB,TuboX3 Color | TuboPlus - Presurizador de Pelotas de Tenis y Padel | Color Azul,1,MAD4,SELLABLE,ORDERED_WRONG_ITEM,Unit returned to inventory,LPNWE275832356,Sin comentarios,29,1,2025,Wednesday,Tarde (12-18h),False
2025-01-29 08:10:19+00:00,408-2226301-0695520,UG-965T-RORR,B07ZTHSVCK,X0013ZBBK7,TUBOPLUS - TuboX4 Crystal + Bomba con Manómetro - Presurizador de Pelotas de Tenis y Padel,1,MAD4,DEFECTIVE,DEFECTIVE,Unit returned to inventory,LPNRP036543712,"El producto viene roto, ya que no coje presión, tiene una raja en la parte inferior y le impide su correcto funcionamiento",29,1,2025,Wednesday,Mañana (6-12h),False
2025-01-25 14:45:19+00:00,407-5226051-1402766,UG-965T-RORR,B07ZTHSVCK,X0013ZBBK7,TUBOPLUS - TuboX4 Crystal + Bomba con Manómetro - Presurizador de Pelotas de Tenis y Padel,1,MAD4,SELLABLE,ORDERED_WRONG_ITEM,Unit returned to inventory,LPNIC022564174,Sin comentarios,25,1,2025,Saturday,Tarde (12-18h),True
2025-01-24 17:56:43+00:00,408-4508873-3985930,MK-78DJ-J0C2,B0D22R7L7D,X0020AR9P5,TUBOPLUS 29PSI X3e (No Incluye Bomba de Aire),1,MAD4,SELLABLE,NO_REASON_GIVEN,Unit returned to inventory,LPNIC022488638,Sin comentarios,24,1,2025,Friday,Tarde (12-18h),False
2025-01-24 16:49:53+00:00,405-0573175-5702730,MD-R60M-OYR1,B0786KK4TG,X002326XGB,TuboX3 Color | TuboPlus - Presurizador de Pelotas de Tenis y Padel | Color Azul,1,MAD4,SELLABLE,UNWANTED_ITEM,Unit returned to inventory,LPNIC022554339,Era para un regalo que finalmente no hice,24,1,2025,Friday,Tarde (12-18h),False
2025-01-24 00:33:03+00:00,407-7638743-8605107,MK-78DJ-J0C2,B0D22R7L7D,X0020AR9P5,TUBOPLUS 29PSI X3e (No Incluye Bomba de Aire),1,MAD4,SELLABLE,UNWANTED_ITEM,Unit returned to inventory,LPNWE275885834,No ha triunfado como regalo,24,1,2025,Friday,Madrugada (0-6h),False
2025-01-23 19:40:34+00:00,408-4500585-7720350,TUBOX3-PINK,B0BTDTN52N,X001PQRHT3,TUBOPLUS TuboX3 Color Presurizador de Pelotas de Tenis y Padel | Color Rosa,1,MAD4,SELLABLE,ORDERED_WRONG_ITEM,Unit returned to inventory,LPNIC022691607,Sin comentarios,23,1,2025,Thursday,Noche (18-24h),False
2025-01-23 06:29:23+00:00,405-2674862-3106723,UG-965T-RORR,B07ZTHSVCK,X0013ZBBK7,PRESSURISEUR TUBOX4 Crystal avec Pompe MANOMETRE BETO pour Tous Les Bateaux avec 3 OU 4 Tennis ET BALLES DE Padel.,1,BTS2,DEFECTIVE,DEFECTIVE,Unit returned to inventory,LPNRP036307790,Impossible de mettre en pression la boîte à balles,23,1,2025,Thursday,Madrugada (0-6h),False
2025-01-22 04:21:59+00:00,403-4203768-5087548,TUBOX4-CRY-SB,B0BTDS4GYS,X001PQP7KJ,TUBOPLUS - Bote presurizador para Pelotas de pádel y Tenis | TUBOX4 Crystal (SIN Bomba) | Compresor para Pelotas | Accesorios indispensables,1,MAD4,SELLABLE,ORDERED_WRONG_ITEM,Unit returned to inventory,LPNWE287088933,Sin comentarios,22,1,2025,Wednesday,Madrugada (0-6h),False
2025-01-22 00:59:35+00:00,407-6874118-6076365,MD-R60M-OYR1,B0786KK4TG,X002326XGB,TuboPlus- TUBOX3 Blu 2020 Pallina da Tennis e Paddle Pressurizer Bottle - Salva Le Palle da Un Tubo !! - più Vita per Le tue Palle - Made in Zaragoza -Spain -,1,BTS2,CUSTOMER_DAMAGED,NO_REASON_GIVEN,Unit returned to inventory,LPNHE896485541,Sin comentarios,22,1,2025,Wednesday,Madrugada (0-6h),False
2025-01-20 10:31:24+00:00,407-7234598-0329113,TUBOX3-PINK,B0BTDTN52N,X001PQRHT3,TUBOPLUS TuboX3 Color Pressurizzatore per palline da tennis e paddle | colore rosa,1,MXP5,SELLABLE,UNDELIVERABLE_UNKNOWN,Unit returned to inventory,LPNHE868226933,Sin comentarios,20,1,2025,Monday,Mañana (6-12h),False
2025-01-20 10:31:24+00:00,407-7234598-0329113,MD-R60M-OYR1,B0786KK4TG,X002326XGB,TuboPlus- TUBOX3 Blu 2020 Pallina da Tennis e Paddle Pressurizer Bottle - Salva Le Palle da Un Tubo !! - più Vita per Le tue Palle - Made in Zaragoza -Spain -,1,MXP5,SELLABLE,UNDELIVERABLE_UNKNOWN,Unit returned to inventory,LPNHE868226934,Sin comentarios,20,1,2025,Monday,Mañana (6-12h),False
2025-01-20 06:03:58+00:00,404-8483587-8393930,MK-78DJ-J0C2,B0D22R7L7D,X0020AR9P5,TUBOPLUS 29PSI X3e (No Incluye Bomba de Aire),1,MAD4,CUSTOMER_DAMAGED,ORDERED_WRONG_ITEM,Unit returned to inventory,LPNRP031970062,Sin comentarios,20,1,2025,Monday,Madrugada (0-6h),False
2025-01-19 16:24:43+00:00,407-2929329-5764326,amzn.gr.TUBOX3-WHI-m2SPxKTou3cA9VLniZ-LN,B0BTDTVCG2,X00273BAK5,TUBOPLUS TuboX3 Color Pressurizzatore di palline da tennis e paddle | Colore bianco,1,MXP5,DEFECTIVE,DEFECTIVE,Unit returned to inventory,LPNHE894565256,Manca guarnizione,19,1,2025,Sunday,Tarde (12-18h),True
2025-01-19 08:33:55+00:00,406-1303939-0834720,TUBOX3-WHI,B0BTDTVCG2,X001PQP7JP,TUBOPLUS TuboX3 Color Presurizador de Pelotas de Tenis y Padel | Color Blanco,1,MAD4,SELLABLE,ORDERED_WRONG_ITEM,Unit returned to inventory,LPNWE287625413,Equivocacion del producto,19,1,2025,Sunday,Mañana (6-12h),True
2025-01-18 11:04:08+00:00,406-5327887-4148355,MK-78DJ-J0C2,B0D22R7L7D,X0020AR9P5,TUBOPLUS 29PSI X3e (No Incluye Bomba de Aire),1,MAD4,SELLABLE,NOT_AS_DESCRIBED,Unit returned to inventory,LPNWE287416525,No encuentro bomba que se adapte a este presurizador.,18,1,2025,Saturday,Mañana (6-12h),True
2025-01-17 11:19:07+00:00,404-1500461-5499534,MD-R60M-OYR1,B0786KK4TG,X002326XGB,TuboX3 Color | TuboPlus - Presurizador de Pelotas de Tenis y Padel | Color Azul,1,MAD4,SELLABLE,NO_REASON_GIVEN,Unit returned to inventory,LPNRP037094382,Sin comentarios,17,1,2025,Friday,Mañana (6-12h),False
2025-01-16 02:18:25+00:00,404-6070105-1825968,MK-78DJ-J0C2,B0D22R7L7D,X0020AR9P5,TUBOPLUS 29 PSI X3e (non include la pompa dell'aria),1,BTS2,SELLABLE,NOT_AS_DESCRIBED,Unit returned to inventory,LPNHE894735244,Notizie discordanti sulla presenza della pompa in dotazione,16,1,2025,Thursday,Madrugada (0-6h),False
2025-01-14 13:30:56+00:00,171-0661768-3849149,MD-R60M-OYR1,B0786KK4TG,X002326XGB,TuboX3 Color | TuboPlus - Presurizador de Pelotas de Tenis y Padel | Color Azul,1,MAD4,SELLABLE,UNWANTED_ITEM,Unit returned to inventory,LPNWE275867021,Era para un regalo y la persona a la que se lo iba a regalar ya tiene,14,1,2025,Tuesday,Tarde (12-18h),False
2025-01-14 06:49:12+00:00,403-3286388-5763517,MD-R60M-OYR1,B0786KK4TG,X002326XGB,TuboX3 Color | TuboPlus - Presurizador de Pelotas de Tenis y Padel | Color Azul,1,MAD4,DEFECTIVE,DEFECTIVE,Unit returned to inventory,LPNIC107621577,Sin comentarios,14,1,2025,Tuesday,Madrugada (0-6h),False
2025-01-13 06:51:51+00:00,402-6340432-3659548,MD-R60M-OYR1,B0786KK4TG,X002326XGB,TuboX3 Color | TuboPlus - Presurizador de Pelotas de Tenis y Padel | Color Azul,1,MAD4,SELLABLE,NO_REASON_GIVEN,Unit returned to inventory,LPNWE267982819,No es lo esperado,13,1,2025,Monday,Madrugada (0-6h),False
2025-01-12 15:04:06+00:00,404-2250824-7141913,35-DQ86-IJB4,B09266N893,X001D1A0DZ,TUBOX3 + Bomba - Presurizador Pelotas Pádel | Multiplica X7 La Vida De Tus Pelotas | Recupera La Presión De Tus Bolas Después De Cada Partido | Bote para 3 Pelotas | Accesorios Pádel,1,MAD4,DEFECTIVE,DEFECTIVE,Unit returned to inventory,LPNRP034676942,"Lo compré como regalo y está defectuoso. El bote está bien, pero la bomba está rota. No aísla bien cuando lo conectas y no llega el aire correctamente y lo pierde.",12,1,2025,Sunday,Tarde (12-18h),True
2025-01-12 09:08:21+00:00,404-7834631-8465116,TUBOX3-PINK,B0BTDTN52N,X001PQRHT3,TUBOPLUS TuboX3 Couleur Pressurisateur de Balles de Tennis et Padel | Couleur Rose,1,ORY1,SELLABLE,UNDELIVERABLE_UNKNOWN,Unit returned to inventory,LPNIC073028466,Sin comentarios,12,1,2025,Sunday,Mañana (6-12h),True
2025-01-11 22:52:33+00:00,403-6281422-7361148,MK-78DJ-J0C2,B0D22R7L7D,X0020AR9P5,TUBOPLUS 29 PSI X3e (non include la pompa dell'aria),1,BTS2,SELLABLE,SWITCHEROO,Unit returned to inventory,LPNHE905394398,Doveva esserci la pompa come da foto ma non è arrivata. Così come si fa ad usarlo?! Lo restituisco.,11,1,2025,Saturday,Noche (18-24h),True
2025-01-10 14:38:36+00:00,405-4116578-4067553,IB-IKLG-TV8H,B0183RZ2VI,X000GERVU5,TuboPlus- TUBOX3 Orange 2020 Pallina da Tennis e Paddle Bottle Pressurizer Bottle - Salva Le Palle per Un Tubo !! - più Vita per Le tue Palle - Made in Zaragoza -Spain -,1,MXP5,SELLABLE,DEFECTIVE,Unit returned to inventory,LPNRP037249789,Letteralmente una truffa,10,1,2025,Friday,Tarde (12-18h),False
2025-01-10 04:03:16+00:00,407-7191499-8586754,TUBOX3-WHI,B0BTDTVCG2,X001PQP7JP,TUBOPLUS TuboX3 Color Presurizador de Pelotas de Tenis y Padel | Color Blanco,1,MAD4,SELLABLE,FOUND_BETTER_PRICE,Unit returned to inventory,LPNWE291594823,Miravia 19€,10,1,2025,Friday,Madrugada (0-6h),False
2025-01-09 23:37:53+00:00,402-2985816-9956342,TUBOX4-CRY-SB,B0BTDS4GYS,X001PQP7KJ,TUBOPLUS - Bote presurizador para Pelotas de pádel y Tenis | TUBOX4 Crystal (SIN Bomba) | Compresor para Pelotas | Accesorios indispensables,1,MAD4,SELLABLE,UNWANTED_ITEM,Unit returned to inventory,LPNWE275856254,Porque le falta el reloj y la bomba,9,1,2025,Thursday,Noche (18-24h),False
2025-01-09 20:27:56+00:00,407-4868450-0132302,MD-R60M-OYR1,B0786KK4TG,X002326XGB,TuboX3 Color | TuboPlus - Presurizador de Pelotas de Tenis y Padel | Color Azul,1,MAD4,SELLABLE,UNWANTED_ITEM,Unit returned to inventory,LPNWE276845448,Era para un regalo y ya lo tiene.,9,1,2025,Thursday,Noche (18-24h),False
2025-01-09 16:40:48+00:00,402-1899864-8484341,TUBOX3-WHI,B0BTDTVCG2,X001PQP7JP,TUBOPLUS TuboX3 Color Presurizador de Pelotas de Tenis y Padel | Color Blanco,1,MAD4,SELLABLE,ORDERED_WRONG_ITEM,Unit returned to inventory,LPNWE287363390,Sin comentarios,9,1,2025,Thursday,Tarde (12-18h),False
2025-01-09 01:21:56+00:00,405-9966241-3556367,35-DQ86-IJB4,B09266N893,X001D1A0DZ,TUBOX3 + Bomba - Presurizador Pelotas Pádel | Multiplica X7 La Vida De Tus Pelotas | Recupera La Presión De Tus Bolas Después De Cada Partido | Bote para 3 Pelotas | Accesorios Pádel,1,MAD4,CUSTOMER_DAMAGED,UNWANTED_ITEM,Unit returned to inventory,LPNIC114762466,Sin comentarios,9,1,2025,Thursday,Madrugada (0-6h),False
2025-01-08 18:12:13+00:00,407-8845416-2321137,MD-R60M-OYR1,B0786KK4TG,X002326XGB,TuboX3 Color | TuboPlus - Presurizador de Pelotas de Tenis y Padel | Color Azul,1,MAD4,SELLABLE,NO_REASON_GIVEN,Unit returned to inventory,LPNWE275581373,Era para regalo y ya lo tenian,8,1,2025,Wednesday,Tarde (12-18h),False
2025-01-08 12:33:00+00:00,403-5428317-2243515,35-DQ86-IJB4,B09266N893,X001D1A0DZ,"TUBOPLUS 35-DQ86-IJB4 Pressuriseur de Balles pour Tennis et Padel Adulte Unisexe, Transparent, 3 Boules",1,BTS2,DEFECTIVE,DEFECTIVE,Unit returned to inventory,LPNRP027883944,Il ne fonctionne pas.,8,1,2025,Wednesday,Mañana (6-12h),False
2025-01-08 03:00:52+00:00,403-5266299-4965935,TUBOX4-CRY-SB,B0BTDS4GYS,X001PQP7KJ,TUBOPLUS - Bote presurizador para Pelotas de pádel y Tenis | TUBOX4 Crystal (SIN Bomba) | Compresor para Pelotas | Accesorios indispensables,1,MAD4,SELLABLE,ORDERED_WRONG_ITEM,Unit returned to inventory,LPNWE276813285,Sin comentarios,8,1,2025,Wednesday,Madrugada (0-6h),False
2025-01-08 00:18:56+00:00,407-1982985-4417903,TUBOX4-CRY-SB,B0BTDS4GYS,X001PQP7KJ,"TUBOPLUS - Drukhouder voor padel- en tennisballen, TUBOX4 Crystal (zonder pomp), compressor voor ballen, onmisbare accessoires",1,BTS2,SELLABLE,UNWANTED_ITEM,Unit returned to inventory,LPNHE913728979,Had ander pompje bij nodig,8,1,2025,Wednesday,Madrugada (0-6h),False
2025-01-07 20:07:46+00:00,408-0771546-8486735,TUBOX4-CRY-SB,B0BTDS4GYS,X001PQP7KJ,TUBOPLUS - Bote presurizador para Pelotas de pádel y Tenis | TUBOX4 Crystal (SIN Bomba) | Compresor para Pelotas | Accesorios indispensables,1,MAD4,SELLABLE,ORDERED_WRONG_ITEM,Unit returned to inventory,LPNWE275657965,Creia que venia con la bomba,7,1,2025,Tuesday,Noche (18-24h),False
2025-01-07 14:31:52+00:00,171-0894020-6113143,TUBOX4-CRY-SB,B0BTDS4GYS,X001PQP7KJ,TUBOPLUS - Tryckbåt för paddel och tennisbollar | TUBOX4 Crystal (INGEN pump) | Kompressor för bollar | Oumbärliga tillbehör,1,WRO1,SELLABLE,UNDELIVERABLE_UNKNOWN,Unit returned to inventory,LPNHK260866868,Sin comentarios,7,1,2025,Tuesday,Tarde (12-18h),False
2025-01-07 14:31:52+00:00,171-0894020-6113143,TUBOX4-CRY-SB,B0BTDS4GYS,X001PQP7KJ,TUBOPLUS - Tryckbåt för paddel och tennisbollar | TUBOX4 Crystal (INGEN pump) | Kompressor för bollar | Oumbärliga tillbehör,1,WRO1,SELLABLE,UNDELIVERABLE_UNKNOWN,Unit returned to inventory,LPNHK260960998,Sin comentarios,7,1,2025,Tuesday,Tarde (12-18h),False
2025-01-07 11:48:31+00:00,402-8031569-7541906,84-F0A5-X7S1,B07ZTHSVCK,X001T0EPOZ,TuboPlus - Tubox4 Crystal + Pump med tryckmätare Beto - Tennis och Padel Bollar Tryck,1,PRG2,SELLABLE,UNDELIVERABLE_UNKNOWN,Unit returned to inventory,LPNHE856917086,Sin comentarios,7,1,2025,Tuesday,Mañana (6-12h),False
2025-01-07 10:27:36+00:00,408-1858097-1591558,MD-R60M-OYR1,B0786KK4TG,X002326XGB,TuboPlus- TUBOX3 Blu 2020 Pallina da Tennis e Paddle Pressurizer Bottle - Salva Le Palle da Un Tubo !! - più Vita per Le tue Palle - Made in Zaragoza -Spain -,1,MXP5,DEFECTIVE,DEFECTIVE,Unit returned to inventory,LPNRP035333711,non funziona,7,1,2025,Tuesday,Mañana (6-12h),False
2025-01-07 01:08:07+00:00,403-0655590-3711568,MD-R60M-OYR1,B0786KK4TG,X002326XGB,TuboX3 Color | TuboPlus - Presurizador de Pelotas de Tenis y Padel | Color Azul,1,MAD4,SELLABLE,UNWANTED_ITEM,Unit returned to inventory,LPNWE284759587,Era un regalo,7,1,2025,Tuesday,Madrugada (0-6h),False
2025-01-04 22:54:06+00:00,404-8901842-7383535,UG-965T-RORR,B07ZTHSVCK,X0013ZBBK7,"TUBOPLUS UG-965T-RORR - TuboX4 Crystal+ Pomp met Manometer BETO - Pressurizer voor tennis en paddleballen,Neutral",1,BTS2,CUSTOMER_DAMAGED,NO_REASON_GIVEN,Unit returned to inventory,LPNWE279256107,Sin comentarios,4,1,2025,Saturday,Noche (18-24h),True
2025-01-04 20:16:42+00:00,407-6886012-4001912,JW-4PNV-18BT,B0CZMGFD3S,X001ZWRDZP,TUBOPLUS 29PSI X3e (Incluye Bomba de Aire),1,MAD4,SELLABLE,DEFECTIVE,Unit returned to inventory,LPNWE275711458,Hincha poco,4,1,2025,Saturday,Noche (18-24h),True
2025-01-02 08:20:04+00:00,304-1166809-7177961,TUBOX4-CRY-SB,B0BTDS4GYS,X001PQP7KJ,TUBOPLUS - Druckbehälter für Padel- und Tennisbälle | TUBOX4 Crystal (ohne Pumpe) | Kompressor für Bälle | unverzichtbares Zubehör,1,PRG2,SELLABLE,UNDELIVERABLE_UNKNOWN,Unit returned to inventory,LPNHE858991784,Sin comentarios,2,1,2025,Thursday,Mañana (6-12h),False
