"seller-sku","fulfillment-channel-sku","asin","condition-type","Warehouse-Condition-code","Quantity Available"
"amzn.gr.35-DQ86-IJB4-fTLSzi4gJVA4QQTp-LN","X0026LL7KV","B09266N893","UsedLikeNew","SELLABLE","0"
"amzn.gr.84-F0A5-X7S1-_UJ1LYrSMkuovvHl-PO","X001YQTF67","B07ZTHSVCK","UsedPoor","SELLABLE","0"
"amzn.gr.35-DQ86-IJB4-LqoCkAuX_WJmEtcm-AC","X001WZYUT7","B09266N893","UsedAcceptable","SELLABLE","0"
"amzn.gr.84-F0A5-X7S1-HkXi8-nsgu2plo1A-LN","X001YL5647","B07ZTHSVCK","UsedLikeNew","SELLABLE","0"
"29PSIX4_SB","X0029D5M9D","B0F1F1D2PR","NewItem","SELLABLE","123"
"amzn.gr.35-DQ86-IJB4-cMhQvld9F6f3U1oE-PO","X0020866RT","B09266N893","UsedPoor","SELLABLE","0"
"TUBOX3-WHI","X001PQP7JP","B0BTDTVCG2","NewItem","SELLABLE","151"
"0N-XIX1-FPL9","X00209ZLGP","B0D1Z9TGWZ","NewItem","SELLABLE","0"
"amzn.gr.UG-965T-RORR-M01I5X9U6LFBWEOs-AC","X00205E76J","B07ZTHSVCK","UsedAcceptable","SELLABLE","0"
"Long Pump","X002CXPWY5","B0FJ21G5NP","NewItem","SELLABLE","0"
"9Q-MR4J-CEER","X001QTJWHT","B07RWD1FJR","NewItem","SELLABLE","0"
"HT-BJBV-QTTS","X0015VEIO5","B0786DC1T3","NewItem","SELLABLE","0"
"amzn.gr.JW-4PNV-18BT-7mvIlfwyJAGYIiYa-PO","X0026ZSRVT","B0CZMGFD3S","UsedPoor","SELLABLE","0"
"amzn.gr.TUBOX4-CRY-SB--xovQiScoaaHkfH-PO","X001YBFKWF","B0BTDS4GYS","UsedPoor","SELLABLE","0"
"amzn.gr.MD-R60M-OYR1-1GVEQyqxksSjUGFT-PO","X00299IQFJ","B0786KK4TG","UsedPoor","SELLABLE","0"
"IV-MHE4-I64R","X001I9M9Q3","B08B136DB2","NewItem","SELLABLE","0"
"29PSIX3_SB","X0029D0DRJ","B0F1F4FM85","NewItem","SELLABLE","108"
"29PSIX3_SB","X0029D0DRJ","B0F1F4FM85","NewItem","UNSELLABLE","1"
"29PSIX3_CB_2","X0029D24LR","B0F1F2PQPK","NewItem","SELLABLE","48"
"amzn.gr.TUBOX3-CRY-SB-qfFHe0-7HDoj8pq-VG","X001XS4N8B","B0BTDSDQC5","UsedVeryGood","SELLABLE","0"
"amzn.gr.TUBOX3-CRY-SB-P1TZCGXDNXONThW-PO","X0021C5W29","B0BTDSDQC5","UsedPoor","SELLABLE","0"
"8X-YBPB-U8A0","B09266N893","B09266N893","NewItem","SELLABLE","0"
"amzn.gr.TUBOX3-CRY-SB-ROg0IWQQ-k8VFgQ-GD","X001YHDRK1","B0BTDSDQC5","UsedGood","SELLABLE","0"
"amzn.gr.TUBOX3-CRY-SB-aeUhem71kIRRi0p-PO","X0021WW9MF","B0BTDSDQC5","UsedPoor","SELLABLE","0"
"4R-VSV0-WZ9Z","X00231GYQL","B0D87X42RN","NewItem","SELLABLE","87"
"amzn.gr.4R-VSV0-WZ9Z-Ta_1Vy_o1Bf4Y8Hm-VG","X00299SD3J","B0D87X42RN","UsedVeryGood","SELLABLE","0"
"29PSIX4_CB","X0029D6HAL","B0F1F2KX6J","NewItem","SELLABLE","93"
"BX-UV5T-FGYD","X000K13A8L","B01IFOSHD4","NewItem","SELLABLE","0"
"amzn.gr.35-DQ86-IJB4-LqFhYz0X0fg4dTM_-PO","X001V7XQLJ","B09266N893","UsedPoor","SELLABLE","0"
"amzn.gr.OZ-8XX3-WLZH-LqFhYz0X0fg4dTM_-PO","X0025V5BMR","B09266N893","UsedPoor","SELLABLE","0"
"amzn.gr.TUBOX3-WHI-As3KKKa-NozvRsi_KG-VG","X0021WZBNJ","B0BTDTVCG2","UsedVeryGood","SELLABLE","0"
"amzn.gr.v2.HkENQLGNBTwcFFAC-QtD6E69Br0","X0029NEGVN","B09266N893","UsedPoor","SELLABLE","0"
"amzn.gr.TUBOX4-CRY-SB-h73Kukwm9fo2ORG-LN","X0028UTX8N","B0BTDS4GYS","UsedLikeNew","SELLABLE","0"
"amzn.gr.35-DQ86-IJB4-LqoCkAuX_WJmEtcm-GD","X00203ML3R","B09266N893","UsedGood","SELLABLE","0"
"amzn.gr.84-F0A5-X7S1-fIo14ZTLxe2xzHKp-PO","X0021N88L5","B07ZTHSVCK","UsedPoor","SELLABLE","0"
"amzn.gr.TUBOX3-WHI-9pIusk_1-olBm91qca-PO","X001ULZUSD","B0BTDTVCG2","UsedPoor","SELLABLE","0"
"4Q-E34W-CKDS","X000NTF1CN","B06XGNNW8L","NewItem","SELLABLE","0"
"84-F0A5-X7S1","X001T0EPOZ","B07ZTHSVCK","NewItem","SELLABLE","0"
"HE-3TKO-JA6J","B0786DC1T3","B0786DC1T3","NewItem","SELLABLE","0"
"amzn.gr.TUBOX3-CRY-SB-w5472ahfSgGkxFU-PO","X001WSUWUZ","B0BTDSDQC5","UsedPoor","SELLABLE","0"
"amzn.gr.MD-R60M-OYR1-41HxW3kwtUaVLwK4-VG","X0026RCV6J","B0786KK4TG","UsedVeryGood","SELLABLE","0"
"LA-PMUR-5AB5","X0020C2PYD","B0D265ZYB6","NewItem","SELLABLE","0"
"LA-PMUR-5AB5","X0020C2PYD","B0D265ZYB6","NewItem","UNSELLABLE","1"
"T9-DT74-41OC","X00100MZ6J","B07PP9VLGK","NewItem","SELLABLE","0"
"amzn.gr.35-DQ86-IJB4-uqBrPaSGaPKkC5fx-PO","X001WXLKKL","B09266N893","UsedPoor","SELLABLE","0"
"FE-BSP8-4DPI","X00231BRT5","B07SGZK92C","NewItem","SELLABLE","0"
"amzn.gr.84-F0A5-X7S1-HkXi8-nsgu2plo1A-VG","X001XV9DN3","B07ZTHSVCK","UsedVeryGood","SELLABLE","0"
"amzn.gr.OZ-8XX3-WLZH-fTLSzi4gJVA4QQTp-LN","X00259GJQV","B09266N893","UsedLikeNew","SELLABLE","0"
"amzn.gr.UG-965T-RORR-mPGzi6RUqJ8B3fmi-LN","X0020OXE2D","B07ZTHSVCK","UsedLikeNew","SELLABLE","0"
"8D-KO2M-6689","X000TT7PFN","B07BK3GY7T","NewItem","SELLABLE","0"
"FN-XWTO-8CT3","X001ZWXV6P","B0CZLXF81N","NewItem","SELLABLE","0"
"amzn.gr.84-F0A5-X7S1-qxEpm-DYW6FwZBBx-PO","X001VQB6U3","B07ZTHSVCK","UsedPoor","SELLABLE","0"
"MK-78DJ-J0C2","X0020AR9P5","B0D22R7L7D","NewItem","SELLABLE","46"
"MD-R60M-OYR1","X002326XGB","B0786KK4TG","NewItem","SELLABLE","124"
"amzn.gr.TUBOX3-CRY-SB-qfFHe0-7HDoj8pq-LN","X0023ZKBVV","B0BTDSDQC5","UsedLikeNew","SELLABLE","0"
"JW-4PNV-18BT","X001ZWRDZP","B0CZMGFD3S","NewItem","SELLABLE","0"
"amzn.gr.TUBOX4-CRY-SB-h73Kukwm9fo2ORG-VG","X001ZS9Z05","B0BTDS4GYS","UsedVeryGood","SELLABLE","0"
"UG-965T-RORR","X0013ZBBK7","B07ZTHSVCK","NewItem","SELLABLE","289"
"UG-965T-RORR","X0013ZBBK7","B07ZTHSVCK","NewItem","UNSELLABLE","1"
"35-DQ86-IJB4","X001D1A0DZ","B09266N893","NewItem","SELLABLE","0"
"R1-ZNN8-R5UG","X00100MZ6T","B07PNQL15F","NewItem","SELLABLE","0"
"amzn.gr.UG-965T-RORR-qxEpm-DYW6FwZBBx-PO","X001UJQYZD","B07ZTHSVCK","UsedPoor","SELLABLE","0"
"TUBOX3-PINK","X001PQRHT3","B0BTDTN52N","NewItem","SELLABLE","54"
"X4Crystal_SB","X002CXP96V","B0FJ238RVM","NewItem","SELLABLE","0"
"OZ-8XX3-WLZH","X00257WAPR","B09266N893","NewItem","SELLABLE","0"
"X4CRY_CB","X002CXSERH","B0FJ26WDS7","NewItem","SELLABLE","0"
"amzn.gr.84-F0A5-X7S1-x-tukLHtZOdmqR62-PO","X001YA5FRB","B07ZTHSVCK","UsedPoor","SELLABLE","0"
"TUBOX3-CRY-SB","X001PQPPUB","B0BTDSDQC5","NewItem","SELLABLE","0"
"H1-89CH-C953","X0010JMB0P","B07PNN4P8Z","NewItem","SELLABLE","0"
"QL-P1HQ-L1WP","X000GERVTV","B0183RZ2YA","NewItem","SELLABLE","0"
"amzn.gr.TUBOX3-WHI-hXe0l05jhEucwcDVIs-VG","X002054H37","B0BTDTVCG2","UsedVeryGood","SELLABLE","0"
"Short_Pump","X002CXNOJ5","B0FJ222VZC","NewItem","SELLABLE","0"
"amzn.gr.MK-78DJ-J0C2-g2RfgVR3RjOg6ohW-PO","X0026Z7VED","B0D22R7L7D","UsedPoor","SELLABLE","0"
"amzn.gr.84-F0A5-X7S1-M01I5X9U6LFBWEOs-AC","X001YS13RJ","B07ZTHSVCK","UsedAcceptable","SELLABLE","0"
"NY-VC2R-WWJE","X001D0WKDT","B07ZTHSVCK","NewItem","SELLABLE","0"
"C1-O2UC-HPCJ","X000S9M9KZ","B0786KK4TG","NewItem","SELLABLE","0"
"TUBOX4-CRY-SB","X001PQP7KJ","B0BTDS4GYS","NewItem","SELLABLE","138"
"amzn.gr.35-DQ86-IJB4-E2eyqKRnnTFlHD5x-PO","X001X73XZ1","B09266N893","UsedPoor","SELLABLE","0"
"TuboX4_Cry_parent","X002CZVVBB","B0FJ26WDS7","NewItem","SELLABLE","0"
"O-RING-X100","X001PQTS63","B0BTDT9Q79","NewItem","SELLABLE","0"
"amzn.gr.35-DQ86-IJB4-t3RcH-sJeaEzhQIQ-VG","X001WPKTQF","B09266N893","UsedVeryGood","SELLABLE","0"
"amzn.gr.35-DQ86-IJB4-t3RcH-sJeaEzhQIQ-VG","X001WPKTQF","B09266N893","UsedVeryGood","UNSELLABLE","1"
"ZI-8JC7-QIBV","X000NTF90R","B0183RZ2VI","NewItem","SELLABLE","0"
"amzn.gr.4R-VSV0-WZ9Z-Ta_1Vy_o1Bf4Y8Hm-LN","X0029UNEMN","B0D87X42RN","UsedLikeNew","SELLABLE","0"
"amzn.gr.TUBOX4-CRY-SB-8qsTjCHh-850KrB-LN","X0029UNF77","B0BTDS4GYS","UsedLikeNew","SELLABLE","0"
"9X-LBQY-EIEV","X000S9OT35","B0786DC1T3","NewItem","SELLABLE","0"
"amzn.gr.35-DQ86-IJB4-jP0hdxG0zWdjJtQi-LN","X0020OW1AJ","B09266N893","UsedLikeNew","SELLABLE","0"
"IB-IKLG-TV8H","X000GERVU5","B0183RZ2VI","NewItem","SELLABLE","78"
"amzn.gr.TUBOX3-WHI-m2SPxKTou3cA9VLniZ-LN","X00273BAK5","B0BTDTVCG2","UsedLikeNew","SELLABLE","0"
